id,firstname,lastname,email,Birthday,Color
100,Hope,Guthrie,Hope.Guthrie@yopmail.com,7/4/1985,Black
101,Gilligan,Corabella,Gilligan.Corabella@yopmail.com,2/26/1971,Green
102,Daphne,Madaih,Daphne.Madaih@yopmail.com,8/31/1992,White
103,Caritta,Ietta,Caritta.Ietta@yopmail.com,6/30/1965,White
104,Rosaline,Hoenack,Rosaline.Hoenack@yopmail.com,5/10/1960,Green
105,Flory,Merell,Flory.Merell@yopmail.com,1/18/1987,Green
106,Dagmar,Noelyn,Dagmar.Noelyn@yopmail.com,4/2/1989,Red
107,Pearline,Zina,Pearline.Zina@yopmail.com,6/22/1981,White
108,Tomasina,Ingra,Tomasina.Ingra@yopmail.com,11/16/1963,Black
109,Lizzie,Tillford,Lizzie.Tillford@yopmail.com,11/17/2000,Green
110,Kittie,Garrison,Kittie.Garrison@yopmail.com,6/13/1983,White
111,Tani,Libna,Tani.Libna@yopmail.com,12/18/1972,Blue
112,Gavrielle,Emerson,Gavrielle.Emerson@yopmail.com,4/18/1963,Blue
113,Consuela,Heisel,Consuela.Heisel@yopmail.com,7/19/1988,Red
114,Ottilie,Bibi,Ottilie.Bibi@yopmail.com,12/21/1965,Black
115,Kara-Lynn,Lucienne,Kara-Lynn.Lucienne@yopmail.com,6/14/1995,Black
116,Magdalena,Zeeba,Magdalena.Zeeba@yopmail.com,6/16/1985,Black
117,Claresta,Martsen,Claresta.Martsen@yopmail.com,1/21/1968,Red
118,Regina,Urias,Regina.Urias@yopmail.com,8/4/1983,White
119,Agathe,Ivens,Agathe.Ivens@yopmail.com,2/11/2000,Black
120,Nerta,Ahab,Nerta.Ahab@yopmail.com,10/30/1999,Red
121,Sheree,Peti,Sheree.Peti@yopmail.com,9/28/1963,Blue
122,Nessie,Isacco,Nessie.Isacco@yopmail.com,6/21/1990,Green
123,Maud,Skell,Maud.Skell@yopmail.com,7/3/1971,Green
124,Kaia,Gaynor,Kaia.Gaynor@yopmail.com,5/28/1970,Blue
125,Regina,Sundin,Regina.Sundin@yopmail.com,12/28/1974,Green
126,Neila,Burnside,Neila.Burnside@yopmail.com,7/9/1990,Blue
127,Wynne,Nicoline,Wynne.Nicoline@yopmail.com,3/27/1988,White
128,Beatriz,Krystle,Beatriz.Krystle@yopmail.com,7/16/1966,Blue
129,Lulita,Monaco,Lulita.Monaco@yopmail.com,1/27/1984,Black
130,Christal,Meli,Christal.Meli@yopmail.com,2/28/1983,Black
131,Alex,Germann,Alex.Germann@yopmail.com,3/11/1970,Black
132,Merrie,Delila,Merrie.Delila@yopmail.com,4/29/1995,Green
133,Brianna,Melony,Brianna.Melony@yopmail.com,1/15/1980,Black
134,Kathi,Regan,Kathi.Regan@yopmail.com,12/25/1974,Black
135,Brietta,Fleeta,Brietta.Fleeta@yopmail.com,10/13/1991,Black
136,Clary,Kaja,Clary.Kaja@yopmail.com,2/3/1988,White
137,Ulrike,Wenoa,Ulrike.Wenoa@yopmail.com,11/22/1966,White
138,Mara,Japeth,Mara.Japeth@yopmail.com,3/9/1974,White
139,Roberta,McClimans,Roberta.McClimans@yopmail.com,11/22/1967,Blue
140,Ottilie,Martguerita,Ottilie.Martguerita@yopmail.com,6/2/1997,Green
141,Therine,Ursulette,Therine.Ursulette@yopmail.com,5/16/1974,White
142,Doralynne,Arathorn,Doralynne.Arathorn@yopmail.com,2/9/1978,Red
143,Amelia,Ax,Amelia.Ax@yopmail.com,2/17/1983,White
144,Diena,Nadia,Diena.Nadia@yopmail.com,12/6/1977,Green
145,Heida,Hillel,Heida.Hillel@yopmail.com,7/10/1962,Red
146,Rozele,Marijo,Rozele.Marijo@yopmail.com,5/26/1962,Red
147,Dominga,Bow,Dominga.Bow@yopmail.com,6/11/1988,Green
148,Marcy,Ventre,Marcy.Ventre@yopmail.com,8/18/1994,Red
149,Britte,Trinetta,Britte.Trinetta@yopmail.com,3/2/1982,Red
150,Karlee,Croix,Karlee.Croix@yopmail.com,12/12/1975,White
151,Gertrud,Evvie,Gertrud.Evvie@yopmail.com,12/17/1989,Blue
152,Catharine,Huggins,Catharine.Huggins@yopmail.com,10/10/1969,Blue
153,Micheline,Wesle,Micheline.Wesle@yopmail.com,1/23/1960,Blue
154,Sherrie,Dash,Sherrie.Dash@yopmail.com,4/8/1969,Red
155,Ninnetta,Kat,Ninnetta.Kat@yopmail.com,5/6/1999,Blue
156,Margette,Pauly,Margette.Pauly@yopmail.com,6/4/1999,Blue
157,Arlena,Gemini,Arlena.Gemini@yopmail.com,10/5/1976,White
158,Emilia,Brian,Emilia.Brian@yopmail.com,12/26/1996,Blue
159,Lila,Rheingold,Lila.Rheingold@yopmail.com,12/31/1993,Blue
160,Maud,Chabot,Maud.Chabot@yopmail.com,10/15/1972,Black
161,Dari,Ariella,Dari.Ariella@yopmail.com,11/12/1976,White
162,Lily,Graig,Lily.Graig@yopmail.com,4/5/1990,Blue
163,Carmencita,Chandler,Carmencita.Chandler@yopmail.com,9/12/1989,Green
164,Clementine,Meli,Clementine.Meli@yopmail.com,8/29/1999,Green
165,Goldie,Dominy,Goldie.Dominy@yopmail.com,7/6/1992,White
166,Dorthy,Noman,Dorthy.Noman@yopmail.com,10/4/1963,Green
167,Tonia,Zina,Tonia.Zina@yopmail.com,9/27/1992,Blue
168,Charissa,Burnside,Charissa.Burnside@yopmail.com,12/20/1997,Green
169,Mariele,LaRue,Mariele.LaRue@yopmail.com,2/27/1998,White
170,Merrie,Chobot,Merrie.Chobot@yopmail.com,1/15/1996,White
171,Rhea,Poll,Rhea.Poll@yopmail.com,8/8/1962,Red
172,Annabela,Gillan,Annabela.Gillan@yopmail.com,2/23/1968,White
173,Barbara,Johanna,Barbara.Johanna@yopmail.com,1/23/1977,Black
174,Roseline,Melan,Roseline.Melan@yopmail.com,4/12/1978,Red
175,Dotty,Rosalba,Dotty.Rosalba@yopmail.com,10/27/1992,Green
176,Teriann,Stevy,Teriann.Stevy@yopmail.com,5/14/1967,Green
177,Janis,Peti,Janis.Peti@yopmail.com,10/12/1964,Black
178,Emelina,Alcott,Emelina.Alcott@yopmail.com,2/9/1996,Black
179,Meg,Wattenberg,Meg.Wattenberg@yopmail.com,12/17/1993,Green
180,Candy,Barney,Candy.Barney@yopmail.com,4/3/1996,Black
181,Addia,Denis,Addia.Denis@yopmail.com,4/11/1966,Blue
182,Mamie,Delp,Mamie.Delp@yopmail.com,1/28/1968,Red
183,Lucille,Rosalba,Lucille.Rosalba@yopmail.com,7/31/1978,Red
184,June,Schwejda,June.Schwejda@yopmail.com,10/18/1998,White
185,Rosanne,Korey,Rosanne.Korey@yopmail.com,2/4/1996,Green
186,Catharine,Lesley,Catharine.Lesley@yopmail.com,4/5/1999,Black
187,Riannon,Loring,Riannon.Loring@yopmail.com,12/31/1991,Black
188,Eolanda,Rooney,Eolanda.Rooney@yopmail.com,9/28/1962,Blue
189,Deane,Donoghue,Deane.Donoghue@yopmail.com,10/2/1968,White
190,Winny,Susannah,Winny.Susannah@yopmail.com,11/3/1961,Green
191,Barbara,Bergman,Barbara.Bergman@yopmail.com,12/30/1991,Green
192,Ericka,Harned,Ericka.Harned@yopmail.com,9/3/1972,Red
193,Arlena,Palocz,Arlena.Palocz@yopmail.com,5/17/1997,White
194,Laure,Berriman,Laure.Berriman@yopmail.com,2/15/1985,Red
195,Dominga,Melony,Dominga.Melony@yopmail.com,5/18/1984,Blue
196,Lizzie,Sawtelle,Lizzie.Sawtelle@yopmail.com,6/22/1974,White
197,Evita,Primalia,Evita.Primalia@yopmail.com,5/29/1970,Red
198,Meriel,Jaylene,Meriel.Jaylene@yopmail.com,3/12/1966,Green
199,Luci,Milde,Luci.Milde@yopmail.com,8/22/1983,Green
200,Lolita,Argus,Lolita.Argus@yopmail.com,5/14/1976,Red
201,Arlina,Teryn,Arlina.Teryn@yopmail.com,2/24/1960,Blue
202,Nananne,Ophelia,Nananne.Ophelia@yopmail.com,7/13/1997,White
203,Aurore,Ashely,Aurore.Ashely@yopmail.com,8/5/1982,Black
204,Kirbee,Donell,Kirbee.Donell@yopmail.com,10/17/1976,Red
205,Joelly,Khorma,Joelly.Khorma@yopmail.com,4/26/1973,White
206,Juliane,Charity,Juliane.Charity@yopmail.com,12/22/1976,White
207,Cam,Sandye,Cam.Sandye@yopmail.com,4/8/1974,White
208,Barbi,Strephon,Barbi.Strephon@yopmail.com,12/25/1970,Green
209,Mignon,Phi,Mignon.Phi@yopmail.com,5/29/1968,Green
210,Emma,Laverne,Emma.Laverne@yopmail.com,5/22/1964,Red
211,Demetris,Ashok,Demetris.Ashok@yopmail.com,2/6/1992,Black
212,Yetty,Bryna,Yetty.Bryna@yopmail.com,3/29/1968,Green
213,Ileana,Teddman,Ileana.Teddman@yopmail.com,8/1/1993,Black
214,Adelle,Bartlett,Adelle.Bartlett@yopmail.com,2/26/1964,Green
215,Gilligan,Carleen,Gilligan.Carleen@yopmail.com,7/11/1997,Blue
216,Maurene,Germann,Maurene.Germann@yopmail.com,7/20/1988,Green
217,Rivalee,Taam,Rivalee.Taam@yopmail.com,7/11/1962,Red
218,Genevra,Jaylene,Genevra.Jaylene@yopmail.com,9/29/1996,Green
219,Kristina,Burnside,Kristina.Burnside@yopmail.com,5/29/1990,White
220,Aeriela,Ferrell,Aeriela.Ferrell@yopmail.com,5/21/1981,Red
221,Brandise,Naor,Brandise.Naor@yopmail.com,4/19/1996,Red
222,Calla,Suanne,Calla.Suanne@yopmail.com,9/21/1964,Red
223,Blake,Montgomery,Blake.Montgomery@yopmail.com,7/29/1987,White
224,Bobinette,Trinetta,Bobinette.Trinetta@yopmail.com,11/24/1993,Blue
225,Bill,Persse,Bill.Persse@yopmail.com,7/22/1985,Black
226,Di,Thunell,Di.Thunell@yopmail.com,9/21/1975,White
227,Veda,Adore,Veda.Adore@yopmail.com,9/11/1978,Red
228,Jaime,Aurelio,Jaime.Aurelio@yopmail.com,1/10/1987,Red
229,Eolanda,Jarib,Eolanda.Jarib@yopmail.com,9/22/1981,Black
230,Sidoney,Delacourt,Sidoney.Delacourt@yopmail.com,10/22/1981,Blue
231,Ericka,Iiette,Ericka.Iiette@yopmail.com,1/14/1972,Blue
232,Darci,Armanda,Darci.Armanda@yopmail.com,7/8/1977,Black
233,Cristabel,Ralfston,Cristabel.Ralfston@yopmail.com,7/6/1960,White
234,Ursulina,Seagraves,Ursulina.Seagraves@yopmail.com,8/15/1997,Green
235,Sidoney,Carbo,Sidoney.Carbo@yopmail.com,8/23/1973,Green
236,Blondelle,Remmer,Blondelle.Remmer@yopmail.com,9/25/1978,Green
237,Sheelagh,Lindemann,Sheelagh.Lindemann@yopmail.com,10/6/1971,Blue
238,Estell,Cimbura,Estell.Cimbura@yopmail.com,8/23/1977,Black
239,Aigneis,Newell,Aigneis.Newell@yopmail.com,1/10/1992,Black
240,Jan,Diogenes,Jan.Diogenes@yopmail.com,9/15/1960,Green
241,Gaylene,Anderea,Gaylene.Anderea@yopmail.com,2/9/1966,White
242,Celene,Burnside,Celene.Burnside@yopmail.com,1/2/1989,Red
243,Abbie,Brodench,Abbie.Brodench@yopmail.com,4/2/1979,Green
244,Liana,Rocray,Liana.Rocray@yopmail.com,11/15/1993,Red
245,Maye,Daniele,Maye.Daniele@yopmail.com,12/27/1972,Black
246,Valera,Khorma,Valera.Khorma@yopmail.com,5/30/1970,White
247,Celene,Linehan,Celene.Linehan@yopmail.com,1/26/1996,White
248,Magdalena,Dorine,Magdalena.Dorine@yopmail.com,12/6/1994,White
249,Eolanda,Duwalt,Eolanda.Duwalt@yopmail.com,6/11/1973,White
250,Kara-Lynn,Ricarda,Kara-Lynn.Ricarda@yopmail.com,11/29/1969,Green
251,Sharlene,Gillan,Sharlene.Gillan@yopmail.com,6/6/1976,Red
252,Johna,Tjon,Johna.Tjon@yopmail.com,10/16/1997,Green
253,Jenda,Abbot,Jenda.Abbot@yopmail.com,11/23/1983,Red
254,Vinita,Brackely,Vinita.Brackely@yopmail.com,4/2/1969,Blue
255,Betta,Jary,Betta.Jary@yopmail.com,12/13/1971,White
256,Marcy,Pauly,Marcy.Pauly@yopmail.com,12/30/1988,Blue
257,Chloris,Anyah,Chloris.Anyah@yopmail.com,2/1/1968,Red
258,Theodora,Johanna,Theodora.Johanna@yopmail.com,7/5/1982,Black
259,Madelle,Melleta,Madelle.Melleta@yopmail.com,2/2/1990,Blue
260,Mureil,Peg,Mureil.Peg@yopmail.com,7/22/1970,Blue
261,Micheline,Giule,Micheline.Giule@yopmail.com,8/11/1973,White
262,Kenna,Tremayne,Kenna.Tremayne@yopmail.com,6/7/1994,Green
263,Amii,Wittie,Amii.Wittie@yopmail.com,6/7/1969,Green
264,Dania,Nelsen,Dania.Nelsen@yopmail.com,2/20/1989,Blue
265,Codie,Gwenore,Codie.Gwenore@yopmail.com,11/6/1991,Green
266,Miquela,Dulciana,Miquela.Dulciana@yopmail.com,10/23/1960,Black
267,Gaylene,Grayce,Gaylene.Grayce@yopmail.com,4/20/1977,Red
268,Tarra,Justinn,Tarra.Justinn@yopmail.com,6/20/2001,Green
269,Vivia,Jammal,Vivia.Jammal@yopmail.com,3/28/1986,Red
270,Ginnie,Abbot,Ginnie.Abbot@yopmail.com,1/2/1976,Green
271,Karolina,Oriana,Karolina.Oriana@yopmail.com,9/7/1994,Green
272,Clary,Bebe,Clary.Bebe@yopmail.com,4/22/1986,White
273,Carlie,Belldas,Carlie.Belldas@yopmail.com,5/12/1983,Black
274,Lusa,Zina,Lusa.Zina@yopmail.com,3/18/1987,Blue
275,Heddie,Chem,Heddie.Chem@yopmail.com,2/4/1969,Green
276,Dale,Woodberry,Dale.Woodberry@yopmail.com,8/1/1982,Blue
277,Clary,Alabaster,Clary.Alabaster@yopmail.com,3/4/1975,Blue
278,Elmira,Lumbard,Elmira.Lumbard@yopmail.com,11/4/2000,Blue
279,Gloria,Fulmer,Gloria.Fulmer@yopmail.com,12/30/1962,Black
280,Aili,Stav,Aili.Stav@yopmail.com,11/25/1978,Red
281,Dagmar,Brieta,Dagmar.Brieta@yopmail.com,8/28/1963,Black
282,Kathi,Pitt,Kathi.Pitt@yopmail.com,7/27/1966,Red
283,Leia,Phyllis,Leia.Phyllis@yopmail.com,12/20/1989,Red
284,Sara-Ann,Mehalek,Sara-Ann.Mehalek@yopmail.com,12/5/1991,White
285,Robinia,Bohlin,Robinia.Bohlin@yopmail.com,8/20/1994,Black
286,Modestia,Dahlia,Modestia.Dahlia@yopmail.com,7/4/1989,Green
287,Gusty,Alisia,Gusty.Alisia@yopmail.com,12/20/1994,Black
288,Ivett,Jotham,Ivett.Jotham@yopmail.com,7/2/1995,White
289,Willetta,Arathorn,Willetta.Arathorn@yopmail.com,5/30/1999,Black
290,Georgetta,Anyah,Georgetta.Anyah@yopmail.com,2/28/1990,Red
291,Vonny,Graig,Vonny.Graig@yopmail.com,5/12/1960,Black
292,Nannie,Ezar,Nannie.Ezar@yopmail.com,10/29/1993,Black
293,Karina,Hillel,Karina.Hillel@yopmail.com,9/3/1988,Blue
294,Raquela,Persse,Raquela.Persse@yopmail.com,10/4/1976,Red
295,Miquela,Faria,Miquela.Faria@yopmail.com,6/8/1975,Red
296,Trixi,Darbie,Trixi.Darbie@yopmail.com,6/30/1993,White
297,Belva,Paton,Belva.Paton@yopmail.com,10/6/1966,Blue
298,Pierette,Sammons,Pierette.Sammons@yopmail.com,5/29/1984,White
299,Melisent,Selway,Melisent.Selway@yopmail.com,1/9/1968,Red
300,Candi,Fitzsimmons,Candi.Fitzsimmons@yopmail.com,3/14/1986,White
301,Cristine,Anis,Cristine.Anis@yopmail.com,9/21/1983,Green
302,Harrietta,Urias,Harrietta.Urias@yopmail.com,10/19/1997,Red
303,Chere,Cullin,Chere.Cullin@yopmail.com,10/13/1967,White
304,Nikki,Bord,Nikki.Bord@yopmail.com,1/30/1962,Blue
305,Rosaline,LaRue,Rosaline.LaRue@yopmail.com,6/5/1972,Green
306,Marylou,Minetta,Marylou.Minetta@yopmail.com,1/3/1977,Green
307,Alejandra,Rosalba,Alejandra.Rosalba@yopmail.com,2/13/1977,Blue
308,Paola,Sisile,Paola.Sisile@yopmail.com,9/27/1975,Black
309,Stevana,Kalinda,Stevana.Kalinda@yopmail.com,10/26/1966,Blue
310,Carly,Deny,Carly.Deny@yopmail.com,1/28/1991,Green
311,Ruthe,Lail,Ruthe.Lail@yopmail.com,12/6/1965,Black
312,Catharine,Florina,Catharine.Florina@yopmail.com,12/5/1985,Blue
313,Vonny,Corabella,Vonny.Corabella@yopmail.com,11/11/1961,White
314,Dorthy,Taima,Dorthy.Taima@yopmail.com,10/24/1996,Red
315,Maryellen,Roumell,Maryellen.Roumell@yopmail.com,3/27/1980,Black
316,Morganica,Frodi,Morganica.Frodi@yopmail.com,5/16/1983,Black
317,Ilse,Ferino,Ilse.Ferino@yopmail.com,8/3/1983,Green
318,Elsie,Tomasina,Elsie.Tomasina@yopmail.com,5/15/1983,Green
319,Leeanne,Eachern,Leeanne.Eachern@yopmail.com,11/19/1987,Green
320,Raquela,Hillel,Raquela.Hillel@yopmail.com,7/15/2000,Black
321,Stacey,Eiser,Stacey.Eiser@yopmail.com,1/11/1977,Red
322,Christal,Merriott,Christal.Merriott@yopmail.com,10/22/1966,Black
323,Ruthe,Kress,Ruthe.Kress@yopmail.com,4/17/1974,Green
324,Joy,Dearborn,Joy.Dearborn@yopmail.com,3/10/1964,Red
325,Marinna,Gahl,Marinna.Gahl@yopmail.com,5/21/1983,Black
326,Carree,Ries,Carree.Ries@yopmail.com,11/27/1997,Black
327,Janey,Sholley,Janey.Sholley@yopmail.com,12/4/1995,White
328,Elena,Luhe,Elena.Luhe@yopmail.com,6/7/1968,White
329,Antonietta,Kathie,Antonietta.Kathie@yopmail.com,4/20/1993,Green
330,Dede,Pelagias,Dede.Pelagias@yopmail.com,12/15/1975,Red
331,Melodie,Shuler,Melodie.Shuler@yopmail.com,3/24/1971,Black
332,Halette,Vilma,Halette.Vilma@yopmail.com,2/10/1998,White
333,Jennica,Odysseus,Jennica.Odysseus@yopmail.com,11/17/1970,Green
334,Misha,Armanda,Misha.Armanda@yopmail.com,4/24/1988,Green
335,Ursulina,Zola,Ursulina.Zola@yopmail.com,12/16/1977,Blue
336,Corry,Jacqui,Corry.Jacqui@yopmail.com,2/19/1992,White
337,Michaelina,Belldas,Michaelina.Belldas@yopmail.com,6/21/1980,White
338,Sonni,Holbrook,Sonni.Holbrook@yopmail.com,5/17/1984,Blue
339,Arlena,Meli,Arlena.Meli@yopmail.com,8/16/1988,Black
340,Daryl,Cottle,Daryl.Cottle@yopmail.com,6/23/1998,White
341,Luci,Emerson,Luci.Emerson@yopmail.com,4/26/1973,Black
342,Desirae,Wallis,Desirae.Wallis@yopmail.com,11/1/1970,Red
343,Hildegaard,Lail,Hildegaard.Lail@yopmail.com,3/14/2000,Black
344,Codie,Hillel,Codie.Hillel@yopmail.com,6/17/1984,Black
345,Hannis,Elo,Hannis.Elo@yopmail.com,2/24/1996,Red
346,Merry,Stoller,Merry.Stoller@yopmail.com,8/5/1987,Red
347,Jorry,Narton,Jorry.Narton@yopmail.com,11/3/1980,Black
348,Benita,Drus,Benita.Drus@yopmail.com,4/7/1987,White
349,Nanete,Darrell,Nanete.Darrell@yopmail.com,10/1/1976,Blue
350,Cordi,Verger,Cordi.Verger@yopmail.com,10/4/1974,Black
351,Rosene,Dudley,Rosene.Dudley@yopmail.com,8/20/1997,Black
352,Lulita,Bari,Lulita.Bari@yopmail.com,8/22/2001,White
353,Annabela,Leler,Annabela.Leler@yopmail.com,11/15/2001,Red
354,Lucille,Stilwell,Lucille.Stilwell@yopmail.com,3/27/1965,White
355,Lacie,Wareing,Lacie.Wareing@yopmail.com,4/17/1988,Green
356,Sandie,Schroth,Sandie.Schroth@yopmail.com,12/27/1973,Green
357,Belva,Sherfield,Belva.Sherfield@yopmail.com,12/21/1986,Green
358,Gretal,Rillings,Gretal.Rillings@yopmail.com,8/17/1996,Green
359,Diena,Hashim,Diena.Hashim@yopmail.com,3/11/1968,Blue
360,Hayley,Niles,Hayley.Niles@yopmail.com,11/9/1978,Black
361,Estell,Clarissa,Estell.Clarissa@yopmail.com,10/16/1979,Blue
362,Roseline,Carvey,Roseline.Carvey@yopmail.com,11/10/1988,White
363,Chloris,Jarib,Chloris.Jarib@yopmail.com,4/1/1998,Black
364,Ariela,Nicoline,Ariela.Nicoline@yopmail.com,4/14/1993,Blue
365,Addia,Urias,Addia.Urias@yopmail.com,7/16/1987,Blue
366,Sara-Ann,Mallon,Sara-Ann.Mallon@yopmail.com,2/15/1999,Black
367,Sharlene,Ioab,Sharlene.Ioab@yopmail.com,5/18/2001,Green
368,Sue,Lorenz,Sue.Lorenz@yopmail.com,2/23/1977,Red
369,Tani,Tippets,Tani.Tippets@yopmail.com,1/31/1972,Red
370,Fredericka,Ariella,Fredericka.Ariella@yopmail.com,4/14/1977,Green
371,Alia,Kathie,Alia.Kathie@yopmail.com,11/28/1980,Black
372,Farrah,Poll,Farrah.Poll@yopmail.com,9/13/1964,Green
373,Alie,Schroth,Alie.Schroth@yopmail.com,11/8/1981,Green
374,Ninnetta,Linehan,Ninnetta.Linehan@yopmail.com,3/21/1983,Red
375,Deedee,Liebermann,Deedee.Liebermann@yopmail.com,12/21/1976,Green
376,Elmira,Rubie,Elmira.Rubie@yopmail.com,10/7/1983,Green
377,Clary,Hoban,Clary.Hoban@yopmail.com,1/8/1966,Red
378,Jaclyn,Carolin,Jaclyn.Carolin@yopmail.com,8/16/1969,Blue
379,Vinita,Merna,Vinita.Merna@yopmail.com,8/18/1991,Green
380,Millie,Schenck,Millie.Schenck@yopmail.com,9/2/1980,Green
381,Barbara,Elsinore,Barbara.Elsinore@yopmail.com,12/16/1989,Red
382,Hettie,Xerxes,Hettie.Xerxes@yopmail.com,12/12/1971,Black
383,Ana,Stuart,Ana.Stuart@yopmail.com,10/1/1969,White
384,Aryn,Schonfeld,Aryn.Schonfeld@yopmail.com,1/9/1988,White
385,Anthia,Hieronymus,Anthia.Hieronymus@yopmail.com,1/7/2000,White
386,Jan,Han,Jan.Han@yopmail.com,10/20/1996,Blue
387,Libbie,Eckblad,Libbie.Eckblad@yopmail.com,1/22/1966,Green
388,Rubie,Orelee,Rubie.Orelee@yopmail.com,8/12/1995,Green
389,Aryn,McCutcheon,Aryn.McCutcheon@yopmail.com,12/18/1987,White
390,Tomasina,Burnside,Tomasina.Burnside@yopmail.com,8/28/1988,Red
391,Shauna,Heisel,Shauna.Heisel@yopmail.com,4/18/1994,Black
392,Wilma,Tryck,Wilma.Tryck@yopmail.com,11/2/1970,Blue
393,Susette,Schroth,Susette.Schroth@yopmail.com,1/21/1991,Blue
394,Priscilla,Alrich,Priscilla.Alrich@yopmail.com,5/23/1971,Black
395,Rhoda,Chinua,Rhoda.Chinua@yopmail.com,4/4/1986,Blue
396,Lexine,Pyle,Lexine.Pyle@yopmail.com,9/22/1972,Black
397,Madalyn,Wareing,Madalyn.Wareing@yopmail.com,3/9/1964,Blue
398,Paola,McGrody,Paola.McGrody@yopmail.com,8/12/1966,White
399,Magdalena,Westphal,Magdalena.Westphal@yopmail.com,5/21/1973,Red
400,Lusa,Milde,Lusa.Milde@yopmail.com,11/20/1981,Red
401,Noelle,Chapland,Noelle.Chapland@yopmail.com,9/10/1997,Blue
402,Dominga,Lea,Dominga.Lea@yopmail.com,1/31/1990,Green
403,Sarette,Madelene,Sarette.Madelene@yopmail.com,5/16/1975,Green
404,Nanete,Boehike,Nanete.Boehike@yopmail.com,12/22/1989,Black
405,Roz,Cath,Roz.Cath@yopmail.com,8/14/1971,Red
406,Vonny,Lamoree,Vonny.Lamoree@yopmail.com,6/26/1991,Blue
407,Heddie,Milde,Heddie.Milde@yopmail.com,4/6/1987,White
408,Sonni,Pelagias,Sonni.Pelagias@yopmail.com,9/29/1978,Black
409,Kore,Kauppi,Kore.Kauppi@yopmail.com,3/8/1963,Green
410,Gwenneth,Percy,Gwenneth.Percy@yopmail.com,5/1/1974,White
411,Winny,Center,Winny.Center@yopmail.com,11/20/1972,Black
412,Lusa,Goddard,Lusa.Goddard@yopmail.com,4/26/1983,Green
413,Jolyn,Cherianne,Jolyn.Cherianne@yopmail.com,7/21/1980,Black
414,Dennie,Whittaker,Dennie.Whittaker@yopmail.com,2/10/1982,Black
415,Corene,Stilwell,Corene.Stilwell@yopmail.com,6/5/1962,White
416,Oona,Grimbly,Oona.Grimbly@yopmail.com,4/7/1992,Red
417,Ulrike,Jarib,Ulrike.Jarib@yopmail.com,1/22/1969,Blue
418,Dagmar,Hoenack,Dagmar.Hoenack@yopmail.com,8/2/1971,White
419,Dolli,Skell,Dolli.Skell@yopmail.com,4/14/2000,White
420,Yetty,Matthew,Yetty.Matthew@yopmail.com,4/7/1977,Black
421,Gerrie,Firmin,Gerrie.Firmin@yopmail.com,5/30/1975,Red
422,Gusty,Dannye,Gusty.Dannye@yopmail.com,1/27/2001,Blue
423,Maye,Kimmie,Maye.Kimmie@yopmail.com,9/24/1964,Red
424,Grier,Romelda,Grier.Romelda@yopmail.com,3/28/2000,Black
425,Merry,Lymann,Merry.Lymann@yopmail.com,7/14/1965,Green
426,Marcy,Ogren,Marcy.Ogren@yopmail.com,6/24/1982,Green
427,Sheelagh,Bearnard,Sheelagh.Bearnard@yopmail.com,12/7/1986,Blue
428,Jacquetta,Gunn,Jacquetta.Gunn@yopmail.com,9/17/1962,Green
429,Nonnah,Thema,Nonnah.Thema@yopmail.com,12/27/1963,White
430,Dagmar,Ball,Dagmar.Ball@yopmail.com,2/18/1967,Black
431,Nadine,Gherardo,Nadine.Gherardo@yopmail.com,11/7/1963,Green
432,Stevana,Trace,Stevana.Trace@yopmail.com,3/25/1994,White
433,Verla,Loleta,Verla.Loleta@yopmail.com,8/19/1973,Black
434,Ileana,Barney,Ileana.Barney@yopmail.com,3/19/1990,Red
435,Carolina,Dearborn,Carolina.Dearborn@yopmail.com,6/1/1970,Green
436,Flo,Lorenz,Flo.Lorenz@yopmail.com,6/7/1999,Blue
437,Dulcinea,Poppy,Dulcinea.Poppy@yopmail.com,9/10/1967,Blue
438,Perry,Morgun,Perry.Morgun@yopmail.com,10/26/1963,Green
439,Tonia,Wiener,Tonia.Wiener@yopmail.com,1/21/1985,White
440,Melanie,Ludewig,Melanie.Ludewig@yopmail.com,9/18/1969,Red
441,Ruthe,Levey,Ruthe.Levey@yopmail.com,7/5/2000,White
442,Elena,Sothena,Elena.Sothena@yopmail.com,6/9/1999,White
443,Moyna,Whittaker,Moyna.Whittaker@yopmail.com,2/7/1962,Red
444,Debee,Nahum,Debee.Nahum@yopmail.com,8/19/1981,Black
445,Ethel,Kylander,Ethel.Kylander@yopmail.com,9/23/1997,Blue
446,Halette,Felizio,Halette.Felizio@yopmail.com,2/19/1963,White
447,Berget,Zrike,Berget.Zrike@yopmail.com,2/26/1969,Blue
448,Henriette,Fink,Henriette.Fink@yopmail.com,4/15/1991,White
449,Elvira,Faso,Elvira.Faso@yopmail.com,3/22/2001,Red
450,Margalo,Myrilla,Margalo.Myrilla@yopmail.com,2/25/1979,Red
451,Donnie,Azeria,Donnie.Azeria@yopmail.com,1/19/1965,Blue
452,Michaelina,Parette,Michaelina.Parette@yopmail.com,11/24/2001,Red
453,Jaclyn,Lane,Jaclyn.Lane@yopmail.com,3/27/1978,Green
454,Georgetta,Markman,Georgetta.Markman@yopmail.com,5/31/1984,Green
455,Mallory,Jefferey,Mallory.Jefferey@yopmail.com,6/13/1989,Black
456,Bernie,Darrell,Bernie.Darrell@yopmail.com,11/11/1969,Black
457,Jessamyn,Pond,Jessamyn.Pond@yopmail.com,8/4/1971,Red
458,Leanna,Clywd,Leanna.Clywd@yopmail.com,9/24/1971,Black
459,Joy,Hertzfeld,Joy.Hertzfeld@yopmail.com,5/25/1987,White
460,Carly,Thilda,Carly.Thilda@yopmail.com,5/9/1996,White
461,Nanete,Arquit,Nanete.Arquit@yopmail.com,1/7/1981,Red
462,Shandie,Duwalt,Shandie.Duwalt@yopmail.com,7/1/1967,Blue
463,Jennica,Vharat,Jennica.Vharat@yopmail.com,11/11/2001,Red
464,Lorne,Winnick,Lorne.Winnick@yopmail.com,5/14/1999,Red
465,Melodie,Tillford,Melodie.Tillford@yopmail.com,2/11/1973,Black
466,Fanchon,Dyche,Fanchon.Dyche@yopmail.com,3/21/2000,Red
467,Asia,Koziara,Asia.Koziara@yopmail.com,1/6/1989,Black
468,Doralynne,Adrienne,Doralynne.Adrienne@yopmail.com,12/5/1971,Black
469,Johna,Anselmi,Johna.Anselmi@yopmail.com,9/20/1997,Green
470,Flo,Ferrell,Flo.Ferrell@yopmail.com,5/15/1972,Blue
471,Nanete,Yusuk,Nanete.Yusuk@yopmail.com,1/26/1974,Blue
472,Adele,Aloise,Adele.Aloise@yopmail.com,9/7/1960,White
473,Binny,Suanne,Binny.Suanne@yopmail.com,11/20/1999,Blue
474,Ilse,Faso,Ilse.Faso@yopmail.com,12/29/1966,Black
475,Andeee,Bertold,Andeee.Bertold@yopmail.com,1/1/1997,Black
476,Elsie,Nunci,Elsie.Nunci@yopmail.com,11/14/1983,Green
477,Viki,Fillbert,Viki.Fillbert@yopmail.com,1/11/2001,Green
478,Isa,Maples,Isa.Maples@yopmail.com,10/10/2001,Black
479,Lila,Malina,Lila.Malina@yopmail.com,6/16/1979,White
480,Melina,Kosey,Melina.Kosey@yopmail.com,6/20/2000,Black
481,Daune,Sabella,Daune.Sabella@yopmail.com,11/24/1965,Red
482,Teriann,Kermit,Teriann.Kermit@yopmail.com,1/5/1985,Red
483,Wileen,Lilas,Wileen.Lilas@yopmail.com,10/3/1997,Blue
484,Rubie,Vanni,Rubie.Vanni@yopmail.com,9/15/2000,Blue
485,Fayre,Elvyn,Fayre.Elvyn@yopmail.com,1/24/1985,Red
486,Micheline,Smitt,Micheline.Smitt@yopmail.com,10/28/1964,White
487,Jaclyn,Anton,Jaclyn.Anton@yopmail.com,4/13/1995,Green
488,Paule,Brittani,Paule.Brittani@yopmail.com,12/17/1964,Blue
489,Wendi,MacIntosh,Wendi.MacIntosh@yopmail.com,7/29/1988,Red
490,Madelle,Graig,Madelle.Graig@yopmail.com,7/16/1967,Black
491,Kara-Lynn,Saunderson,Kara-Lynn.Saunderson@yopmail.com,5/7/1964,Green
492,Britni,Sabella,Britni.Sabella@yopmail.com,9/21/1979,Red
493,Libbie,Giff,Libbie.Giff@yopmail.com,1/26/1974,Red
494,Bernardine,Rheingold,Bernardine.Rheingold@yopmail.com,3/1/1983,Black
495,Rozele,Linehan,Rozele.Linehan@yopmail.com,4/6/1980,White
496,Lonnie,Tacye,Lonnie.Tacye@yopmail.com,9/25/1974,Black
497,Aubrie,Garlinda,Aubrie.Garlinda@yopmail.com,5/15/1960,White
498,Lily,Salchunas,Lily.Salchunas@yopmail.com,11/19/1976,White
499,Alia,Cohdwell,Alia.Cohdwell@yopmail.com,6/3/1994,Blue
500,Sean,Shanley,Sean.Shanley@yopmail.com,7/31/1997,Green
501,Olivette,Johanna,Olivette.Johanna@yopmail.com,10/26/1995,Blue
502,Dulce,McAdams,Dulce.McAdams@yopmail.com,7/3/1988,Blue
503,Wilma,Eldrid,Wilma.Eldrid@yopmail.com,8/17/1978,White
504,Riannon,Tacye,Riannon.Tacye@yopmail.com,1/6/2000,White
505,Kirbee,Raffo,Kirbee.Raffo@yopmail.com,4/4/1960,Green
506,Alyda,Cimbura,Alyda.Cimbura@yopmail.com,9/30/1996,Red
507,Deane,Trey,Deane.Trey@yopmail.com,10/8/1974,Red
508,Kristina,Isacco,Kristina.Isacco@yopmail.com,1/15/1985,Red
509,Annora,Kermit,Annora.Kermit@yopmail.com,12/31/2000,White
510,Korrie,Hazlett,Korrie.Hazlett@yopmail.com,6/2/1976,Green
511,Bettine,Fulmer,Bettine.Fulmer@yopmail.com,11/25/1986,Blue
512,Lilith,Clywd,Lilith.Clywd@yopmail.com,6/30/1985,Green
513,Coral,Rugen,Coral.Rugen@yopmail.com,9/7/1980,Red
514,Beth,Boycey,Beth.Boycey@yopmail.com,9/18/1981,Red
515,Delilah,Isidore,Delilah.Isidore@yopmail.com,11/24/1973,Blue
516,Vonny,Bonucci,Vonny.Bonucci@yopmail.com,6/23/1984,White
517,Gerianna,Velick,Gerianna.Velick@yopmail.com,10/29/1982,Red
518,Drucie,Chick,Drucie.Chick@yopmail.com,10/22/1971,White
519,Rubie,Vilma,Rubie.Vilma@yopmail.com,9/12/1960,Black
520,Diena,Millda,Diena.Millda@yopmail.com,3/9/1999,Black
521,Layla,Erb,Layla.Erb@yopmail.com,7/5/1966,White
522,Esmeralda,Byrne,Esmeralda.Byrne@yopmail.com,9/29/1987,Blue
523,Etta,Rosalba,Etta.Rosalba@yopmail.com,3/19/1984,Black
524,Katharina,Martguerita,Katharina.Martguerita@yopmail.com,5/11/1991,Green
525,Bee,Anselmi,Bee.Anselmi@yopmail.com,9/14/1977,Red
526,Rhea,Bibi,Rhea.Bibi@yopmail.com,6/5/1996,Black
527,Elka,Couture,Elka.Couture@yopmail.com,10/15/1971,Red
528,Quintina,Bouchard,Quintina.Bouchard@yopmail.com,8/28/1973,Green
529,Emilia,Aaberg,Emilia.Aaberg@yopmail.com,8/16/1991,Green
530,Theodora,Rustice,Theodora.Rustice@yopmail.com,7/21/1971,Red
531,Joeann,Riordan,Joeann.Riordan@yopmail.com,2/17/1977,Red
532,Kaja,Revkah,Kaja.Revkah@yopmail.com,12/10/2000,White
533,Annice,Winthorpe,Annice.Winthorpe@yopmail.com,6/7/1979,Green
534,Rori,Carolin,Rori.Carolin@yopmail.com,1/5/1960,Green
535,Flory,Khorma,Flory.Khorma@yopmail.com,5/10/1985,Red
536,Nicoli,Dunkin,Nicoli.Dunkin@yopmail.com,4/7/1983,Black
537,Joleen,Oneida,Joleen.Oneida@yopmail.com,12/13/1998,Black
538,Kylynn,Concha,Kylynn.Concha@yopmail.com,5/13/1984,Green
539,Rhea,Craggie,Rhea.Craggie@yopmail.com,3/9/1989,Blue
540,Shannah,Yate,Shannah.Yate@yopmail.com,6/26/1976,Black
541,Gavrielle,Kussell,Gavrielle.Kussell@yopmail.com,6/5/1960,White
542,Ekaterina,Burkle,Ekaterina.Burkle@yopmail.com,8/30/1998,Black
543,Vita,Carmena,Vita.Carmena@yopmail.com,9/14/1980,Green
544,Dorene,Si,Dorene.Si@yopmail.com,12/9/1979,Black
545,Steffane,Niccolo,Steffane.Niccolo@yopmail.com,12/25/1976,Red
546,Ira,Dorcy,Ira.Dorcy@yopmail.com,12/24/1978,White
547,Binny,Leifeste,Binny.Leifeste@yopmail.com,6/30/1965,Blue
548,Zondra,Vanni,Zondra.Vanni@yopmail.com,3/16/1971,White
549,Carmencita,Cecile,Carmencita.Cecile@yopmail.com,3/31/1994,White
550,Zia,Gamaliel,Zia.Gamaliel@yopmail.com,7/9/1993,Blue
551,Jerry,Horan,Jerry.Horan@yopmail.com,2/20/1979,White
552,Averyl,Marisa,Averyl.Marisa@yopmail.com,9/3/1984,White
553,Fredericka,Tamar,Fredericka.Tamar@yopmail.com,5/8/1961,Red
554,Ilse,Ruvolo,Ilse.Ruvolo@yopmail.com,3/20/1996,Green
555,Shell,Ietta,Shell.Ietta@yopmail.com,6/28/1993,Black
556,Chandra,Shaddock,Chandra.Shaddock@yopmail.com,4/19/1970,Red
557,Anica,Fontana,Anica.Fontana@yopmail.com,1/6/1983,Green
558,Demetris,Stacy,Demetris.Stacy@yopmail.com,7/10/1977,Black
559,Heddie,Bibi,Heddie.Bibi@yopmail.com,3/13/1965,Red
560,Tera,Roche,Tera.Roche@yopmail.com,4/5/1962,Red
561,Chastity,Desai,Chastity.Desai@yopmail.com,5/24/1963,Blue
562,Quintina,Naor,Quintina.Naor@yopmail.com,3/6/1986,Red
563,Eadie,Romelda,Eadie.Romelda@yopmail.com,10/18/1976,Blue
564,Karena,Huggins,Karena.Huggins@yopmail.com,10/9/1994,Black
565,Annora,Germann,Annora.Germann@yopmail.com,1/12/1964,Green
566,Vevay,Delacourt,Vevay.Delacourt@yopmail.com,8/15/1977,Black
567,Hope,Wenoa,Hope.Wenoa@yopmail.com,4/9/1988,White
568,Corry,Dahlia,Corry.Dahlia@yopmail.com,7/3/1971,Blue
569,Shandie,Haerr,Shandie.Haerr@yopmail.com,2/6/1969,White
570,Alexine,Cherianne,Alexine.Cherianne@yopmail.com,8/12/1971,Blue
571,Lyssa,Paton,Lyssa.Paton@yopmail.com,9/12/1968,Blue
572,Meghann,Blase,Meghann.Blase@yopmail.com,5/19/1995,White
573,Eugine,Telfer,Eugine.Telfer@yopmail.com,6/13/1960,Green
574,Tobe,Ranjiv,Tobe.Ranjiv@yopmail.com,10/13/1979,Green
575,Jere,Delacourt,Jere.Delacourt@yopmail.com,10/23/1990,Blue
576,Elfreda,Lay,Elfreda.Lay@yopmail.com,5/24/1988,Blue
577,Ira,Ader,Ira.Ader@yopmail.com,10/22/1966,White
578,Nyssa,Vastah,Nyssa.Vastah@yopmail.com,3/8/1980,Red
579,Shauna,Docilla,Shauna.Docilla@yopmail.com,11/27/1987,Blue
580,Alleen,Faria,Alleen.Faria@yopmail.com,2/12/1988,Black
581,Joleen,Chinua,Joleen.Chinua@yopmail.com,8/31/1983,White
582,Cherrita,Medrek,Cherrita.Medrek@yopmail.com,9/9/1998,Green
583,Gilda,Linehan,Gilda.Linehan@yopmail.com,5/8/1969,Blue
584,Carmela,LaRue,Carmela.LaRue@yopmail.com,2/17/1973,Black
585,Concettina,Herrera,Concettina.Herrera@yopmail.com,8/20/1987,White
586,Reeba,Zeeba,Reeba.Zeeba@yopmail.com,2/4/2001,Black
587,Dulcinea,Kendrick,Dulcinea.Kendrick@yopmail.com,6/14/1972,Black
588,Drucie,Laurianne,Drucie.Laurianne@yopmail.com,2/2/1991,Green
589,Tani,Niccolo,Tani.Niccolo@yopmail.com,12/9/1965,Black
590,Dania,Riordan,Dania.Riordan@yopmail.com,9/9/1997,Green
591,Maisey,Nelsen,Maisey.Nelsen@yopmail.com,8/1/1991,Blue
592,Gui,Jobi,Gui.Jobi@yopmail.com,10/22/1993,Black
593,Margette,Frodi,Margette.Frodi@yopmail.com,12/11/1980,Red
594,Marsiella,Karna,Marsiella.Karna@yopmail.com,5/2/1997,Black
595,Vevay,Briney,Vevay.Briney@yopmail.com,9/10/1981,Red
596,Rubie,Germann,Rubie.Germann@yopmail.com,6/25/1961,Blue
597,Aryn,Jaylene,Aryn.Jaylene@yopmail.com,12/5/1988,Green
598,Ellette,Ashok,Ellette.Ashok@yopmail.com,4/12/1989,Red
599,Kalina,Erb,Kalina.Erb@yopmail.com,12/18/1965,White
600,Sadie,Hazlett,Sadie.Hazlett@yopmail.com,8/3/1983,Black
601,Dulce,Holbrook,Dulce.Holbrook@yopmail.com,1/20/1999,Green
602,Lesly,Bluh,Lesly.Bluh@yopmail.com,1/31/1969,White
603,Lorenza,Kress,Lorenza.Kress@yopmail.com,4/28/1980,Blue
604,Queenie,Fairweather,Queenie.Fairweather@yopmail.com,5/5/1960,Blue
605,Celisse,Willie,Celisse.Willie@yopmail.com,5/24/1977,Green
606,Konstance,Llovera,Konstance.Llovera@yopmail.com,9/3/1970,Green
607,Frank,Oriana,Frank.Oriana@yopmail.com,10/21/1967,Black
608,Antonietta,Krystle,Antonietta.Krystle@yopmail.com,12/29/1984,Red
609,Coral,Bryna,Coral.Bryna@yopmail.com,6/12/1995,Blue
610,Collen,Read,Collen.Read@yopmail.com,2/19/1987,White
611,Meghann,Etom,Meghann.Etom@yopmail.com,10/22/1965,White
612,Dania,Bethany,Dania.Bethany@yopmail.com,3/8/1961,Red
613,Camile,Neva,Camile.Neva@yopmail.com,11/20/1990,Red
614,Ira,Flyn,Ira.Flyn@yopmail.com,7/10/1979,White
615,Valli,Laverne,Valli.Laverne@yopmail.com,9/27/1968,Blue
616,Charmaine,Aloise,Charmaine.Aloise@yopmail.com,4/19/1976,Green
617,Queenie,Fiester,Queenie.Fiester@yopmail.com,9/5/1960,Red
618,Joelly,Salvidor,Joelly.Salvidor@yopmail.com,12/24/1976,Green
619,Roberta,Jalbert,Roberta.Jalbert@yopmail.com,6/17/1993,Green
620,Katleen,Ilka,Katleen.Ilka@yopmail.com,1/13/1976,Green
621,Pamella,Emerson,Pamella.Emerson@yopmail.com,4/5/1964,Black
622,Carree,Cookie,Carree.Cookie@yopmail.com,8/25/1964,Green
623,Rebeca,Bonilla,Rebeca.Bonilla@yopmail.com,3/26/1966,Green
624,Annice,Dichy,Annice.Dichy@yopmail.com,1/2/1972,Red
625,Karena,Lasley,Karena.Lasley@yopmail.com,8/24/1999,White
626,Anica,Firmin,Anica.Firmin@yopmail.com,7/30/1968,Green
627,Lacie,Cleo,Lacie.Cleo@yopmail.com,2/13/1991,White
628,Gaylene,Infield,Gaylene.Infield@yopmail.com,5/7/1995,Black
629,Sibella,Center,Sibella.Center@yopmail.com,12/2/1995,Red
630,Tami,Atcliffe,Tami.Atcliffe@yopmail.com,8/13/1990,White
631,Roslyn,An,Roslyn.An@yopmail.com,5/1/1963,Green
632,Tracey,Flita,Tracey.Flita@yopmail.com,7/9/1975,Red
633,Aimil,Caitlin,Aimil.Caitlin@yopmail.com,8/6/1995,Green
634,Carol-Jean,Ezar,Carol-Jean.Ezar@yopmail.com,12/31/1998,White
635,Laure,Aurelio,Laure.Aurelio@yopmail.com,5/10/1977,White
636,Konstance,Gemini,Konstance.Gemini@yopmail.com,7/20/1978,White
637,Demetris,Bury,Demetris.Bury@yopmail.com,4/1/1973,White
638,Cacilie,Sawtelle,Cacilie.Sawtelle@yopmail.com,11/6/1964,Red
639,Ada,Ilka,Ada.Ilka@yopmail.com,3/6/1968,Red
640,Estell,Buckler,Estell.Buckler@yopmail.com,2/4/1981,Black
641,Harrietta,Craggie,Harrietta.Craggie@yopmail.com,2/21/1986,White
642,Mahalia,Corabella,Mahalia.Corabella@yopmail.com,6/25/1990,Blue
643,Arlina,Kaja,Arlina.Kaja@yopmail.com,1/30/1992,Blue
644,Neila,Zaslow,Neila.Zaslow@yopmail.com,1/2/2000,Green
645,Jobi,Muriel,Jobi.Muriel@yopmail.com,5/15/1962,Blue
646,Alameda,Oriana,Alameda.Oriana@yopmail.com,9/1/1975,Black
647,Laurene,Abernon,Laurene.Abernon@yopmail.com,11/7/1973,Black
648,Monika,Carey,Monika.Carey@yopmail.com,7/12/1989,White
649,Carlie,Madox,Carlie.Madox@yopmail.com,6/9/1984,Red
650,Giustina,Girardo,Giustina.Girardo@yopmail.com,7/25/1982,Black
651,Madelle,Loeb,Madelle.Loeb@yopmail.com,8/12/1972,Green
652,Allis,Leonard,Allis.Leonard@yopmail.com,3/16/1971,White
653,Carilyn,Zitvaa,Carilyn.Zitvaa@yopmail.com,6/13/1961,Green
654,Roz,Tjon,Roz.Tjon@yopmail.com,8/3/2000,Red
655,Frieda,Marisa,Frieda.Marisa@yopmail.com,5/30/1962,Blue
656,Etta,Chick,Etta.Chick@yopmail.com,9/4/1983,White
657,Britni,Kinnard,Britni.Kinnard@yopmail.com,2/18/1969,Green
658,Karlee,Macey,Karlee.Macey@yopmail.com,5/21/1993,Black
659,Zsa Zsa,Roumell,Zsa Zsa.Roumell@yopmail.com,5/31/1968,Blue
660,Julieta,Markman,Julieta.Markman@yopmail.com,7/7/1974,Blue
661,Aaren,Eben,Aaren.Eben@yopmail.com,4/19/1993,White
662,Katleen,Philipp,Katleen.Philipp@yopmail.com,5/17/1966,Blue
663,Nonnah,Carolin,Nonnah.Carolin@yopmail.com,3/6/1987,Black
664,Florie,Ventre,Florie.Ventre@yopmail.com,7/28/1969,Blue
665,Amii,Rhu,Amii.Rhu@yopmail.com,11/19/1996,Black
666,Clary,Belanger,Clary.Belanger@yopmail.com,9/24/1964,Red
667,Cyndie,Hoban,Cyndie.Hoban@yopmail.com,9/25/1980,Red
668,Diena,Viddah,Diena.Viddah@yopmail.com,11/24/1985,Black
669,Beverley,Helve,Beverley.Helve@yopmail.com,2/13/1995,Red
670,Lelah,Harriman,Lelah.Harriman@yopmail.com,10/12/1987,Blue
671,Tonia,Mozelle,Tonia.Mozelle@yopmail.com,9/16/1973,Green
672,Ada,Couture,Ada.Couture@yopmail.com,5/29/1984,White
673,Averyl,Maryanne,Averyl.Maryanne@yopmail.com,6/11/1968,Blue
674,Gisela,Keelia,Gisela.Keelia@yopmail.com,10/31/1960,Green
675,Lindie,Morrill,Lindie.Morrill@yopmail.com,3/4/1984,Green
676,Dari,Fax,Dari.Fax@yopmail.com,12/20/1965,Black
677,Cyb,Vary,Cyb.Vary@yopmail.com,11/28/1978,Black
678,Xylina,Pauly,Xylina.Pauly@yopmail.com,4/9/1995,Red
679,Sidoney,Aaberg,Sidoney.Aaberg@yopmail.com,6/4/1986,Blue
680,Melodie,Bonilla,Melodie.Bonilla@yopmail.com,12/27/1983,Red
681,Cissiee,Ranjiv,Cissiee.Ranjiv@yopmail.com,7/3/1986,Black
682,Dyann,Denis,Dyann.Denis@yopmail.com,7/3/1963,White
683,Gianina,Tybald,Gianina.Tybald@yopmail.com,11/23/1986,Red
684,Joelly,Manolo,Joelly.Manolo@yopmail.com,10/28/1965,Red
685,Riannon,Minetta,Riannon.Minetta@yopmail.com,4/24/1968,Red
686,Donetta,Georgy,Donetta.Georgy@yopmail.com,4/30/1965,White
687,Marline,Lacombe,Marline.Lacombe@yopmail.com,2/21/1961,Black
688,Donnie,Lilas,Donnie.Lilas@yopmail.com,4/29/1987,White
689,Frieda,Wittie,Frieda.Wittie@yopmail.com,5/18/1962,Red
690,Dorene,Schenck,Dorene.Schenck@yopmail.com,2/8/1967,White
691,Leia,Carbo,Leia.Carbo@yopmail.com,8/19/1969,White
692,Maud,Guthrie,Maud.Guthrie@yopmail.com,3/29/1973,Blue
693,Nadine,Sammons,Nadine.Sammons@yopmail.com,5/7/1996,Green
694,Aili,Mehalek,Aili.Mehalek@yopmail.com,4/26/1972,Blue
695,Melanie,Matthew,Melanie.Matthew@yopmail.com,4/6/1999,Green
696,Zaria,Oster,Zaria.Oster@yopmail.com,3/27/1961,White
697,Marleah,Helfand,Marleah.Helfand@yopmail.com,6/21/1994,Green
698,Kary,Kress,Kary.Kress@yopmail.com,2/5/1966,White
699,Gilda,Smitt,Gilda.Smitt@yopmail.com,11/29/1992,Black
700,Cassondra,Chobot,Cassondra.Chobot@yopmail.com,1/20/1966,Green
701,Drucie,Faria,Drucie.Faria@yopmail.com,1/18/1963,Red
702,Drucie,Honoria,Drucie.Honoria@yopmail.com,9/29/1977,Black
703,Stevana,Juliet,Stevana.Juliet@yopmail.com,3/5/1983,Red
704,Elyssa,Cleo,Elyssa.Cleo@yopmail.com,11/16/1967,White
705,Correy,Bluh,Correy.Bluh@yopmail.com,4/29/1977,Red
706,Rayna,Sadowski,Rayna.Sadowski@yopmail.com,10/27/1962,Green
707,Drucie,Ochs,Drucie.Ochs@yopmail.com,5/6/1978,Green
708,Perry,Graig,Perry.Graig@yopmail.com,8/16/1971,Black
709,Elora,Melan,Elora.Melan@yopmail.com,3/28/1987,Blue
710,Kristan,Wolfgram,Kristan.Wolfgram@yopmail.com,8/11/1993,Green
711,Joceline,Hertzfeld,Joceline.Hertzfeld@yopmail.com,3/3/1996,White
712,Raf,Socha,Raf.Socha@yopmail.com,10/4/1994,Blue
713,Ann-Marie,Goode,Ann-Marie.Goode@yopmail.com,8/6/1975,Green
714,Moyna,Buckler,Moyna.Buckler@yopmail.com,4/1/1965,Green
715,Diena,Sadowski,Diena.Sadowski@yopmail.com,12/14/1986,White
716,Demetris,Beniamino,Demetris.Beniamino@yopmail.com,12/21/1968,White
717,Sadie,Kirstin,Sadie.Kirstin@yopmail.com,12/17/1983,Green
718,Tomasina,Hermes,Tomasina.Hermes@yopmail.com,4/19/1972,Green
719,Emelina,Mozelle,Emelina.Mozelle@yopmail.com,2/21/1987,White
720,Dorene,Gladstone,Dorene.Gladstone@yopmail.com,8/6/1971,Red
721,Elvira,Klemperer,Elvira.Klemperer@yopmail.com,3/7/1961,Black
722,Clo,Abernon,Clo.Abernon@yopmail.com,9/22/1998,Blue
723,Benita,Lauraine,Benita.Lauraine@yopmail.com,7/23/1979,White
724,Janis,Arvo,Janis.Arvo@yopmail.com,6/22/1986,Black
725,Roslyn,Pond,Roslyn.Pond@yopmail.com,6/9/1970,Blue
726,Gabi,Muriel,Gabi.Muriel@yopmail.com,9/1/1979,Black
727,Nadine,Anyah,Nadine.Anyah@yopmail.com,10/5/1974,Green
728,Genovera,Trinetta,Genovera.Trinetta@yopmail.com,12/11/1966,Black
729,Lynnea,Faso,Lynnea.Faso@yopmail.com,4/6/1987,White
730,Lita,Fancie,Lita.Fancie@yopmail.com,10/25/1962,Green
731,Donetta,Jefferey,Donetta.Jefferey@yopmail.com,8/25/1988,Red
732,Minda,Sothena,Minda.Sothena@yopmail.com,11/20/1992,Green
733,Corina,Matthew,Corina.Matthew@yopmail.com,4/19/1971,Red
734,Sean,Torray,Sean.Torray@yopmail.com,9/24/1964,Red
735,Tatiania,Lia,Tatiania.Lia@yopmail.com,5/24/1962,Blue
736,Dode,Kare,Dode.Kare@yopmail.com,4/5/1999,Green
737,Dennie,Kress,Dennie.Kress@yopmail.com,4/12/2000,Green
738,Collen,Truc,Collen.Truc@yopmail.com,10/16/1968,White
739,Pearline,O'Neill,Pearline.O'Neill@yopmail.com,12/21/1999,Black
740,Karly,Hourigan,Karly.Hourigan@yopmail.com,7/5/1960,Black
741,Ardys,Shaddock,Ardys.Shaddock@yopmail.com,1/21/1992,Green
742,Caressa,Lewes,Caressa.Lewes@yopmail.com,7/19/1980,Blue
743,Lacie,Manolo,Lacie.Manolo@yopmail.com,6/9/1987,Black
744,Tina,Ivens,Tina.Ivens@yopmail.com,9/21/1974,Green
745,Therine,Linskey,Therine.Linskey@yopmail.com,12/26/1960,White
746,Layla,Ader,Layla.Ader@yopmail.com,12/12/1999,White
747,Myriam,Maryanne,Myriam.Maryanne@yopmail.com,3/24/1975,White
748,Darlleen,Sherfield,Darlleen.Sherfield@yopmail.com,9/5/1980,Green
749,Nerta,Heidt,Nerta.Heidt@yopmail.com,2/1/1988,White
750,Shaylyn,Serilda,Shaylyn.Serilda@yopmail.com,7/12/1966,Red
751,Yetty,Turne,Yetty.Turne@yopmail.com,3/31/1998,Red
752,Darlleen,Marsden,Darlleen.Marsden@yopmail.com,3/30/1979,Black
753,Rosaline,Knowling,Rosaline.Knowling@yopmail.com,9/7/1972,White
754,Nollie,Odysseus,Nollie.Odysseus@yopmail.com,10/16/2001,Green
755,Lanna,Carey,Lanna.Carey@yopmail.com,3/20/1963,White
756,Loree,Hashim,Loree.Hashim@yopmail.com,7/18/1972,Blue
757,Dale,Marden,Dale.Marden@yopmail.com,7/4/1996,Black
758,Sheree,Delacourt,Sheree.Delacourt@yopmail.com,8/4/1991,Red
759,Tamqrah,Cherianne,Tamqrah.Cherianne@yopmail.com,6/6/1962,White
760,Rhoda,Munn,Rhoda.Munn@yopmail.com,7/31/1975,Black
761,Tobe,Ellerey,Tobe.Ellerey@yopmail.com,12/2/1972,Black
762,Brena,Lea,Brena.Lea@yopmail.com,6/6/1992,Red
763,Doralynne,Lumbard,Doralynne.Lumbard@yopmail.com,6/22/1997,Black
764,Henriette,Dorothy,Henriette.Dorothy@yopmail.com,1/9/1973,Red
765,Vevay,Chapland,Vevay.Chapland@yopmail.com,9/11/1985,Blue
766,Vivia,Brittani,Vivia.Brittani@yopmail.com,6/11/1997,Green
767,Ariela,Taima,Ariela.Taima@yopmail.com,1/29/1963,Black
768,Lilith,Fleeta,Lilith.Fleeta@yopmail.com,1/15/1975,Green
769,Kimmy,Virgin,Kimmy.Virgin@yopmail.com,1/23/1999,Black
770,Jere,O'Carroll,Jere.O'Carroll@yopmail.com,10/12/1968,Red
771,Kaja,Lattie,Kaja.Lattie@yopmail.com,1/12/1994,Green
772,Charmaine,Raychel,Charmaine.Raychel@yopmail.com,7/29/1964,Green
773,Ileana,Decato,Ileana.Decato@yopmail.com,2/27/1967,White
774,Louella,Noelyn,Louella.Noelyn@yopmail.com,5/27/1986,Red
775,Ekaterina,Thilda,Ekaterina.Thilda@yopmail.com,3/2/1961,White
776,Edith,Carri,Edith.Carri@yopmail.com,10/7/1981,Red
777,Fanchon,An,Fanchon.An@yopmail.com,4/25/1993,Red
778,Kenna,Pandolfi,Kenna.Pandolfi@yopmail.com,8/19/1983,Blue
779,Christy,Kress,Christy.Kress@yopmail.com,7/18/1998,White
780,Hollie,Dreda,Hollie.Dreda@yopmail.com,10/14/1978,White
781,Rosabelle,Terencio,Rosabelle.Terencio@yopmail.com,1/19/1980,White
782,Lolita,Shirberg,Lolita.Shirberg@yopmail.com,6/7/1993,Green
783,Elfreda,Harday,Elfreda.Harday@yopmail.com,6/10/1992,Blue
784,Fina,Garlinda,Fina.Garlinda@yopmail.com,5/5/1960,Red
785,Christian,Bow,Christian.Bow@yopmail.com,8/21/1986,Green
786,Elbertina,Capello,Elbertina.Capello@yopmail.com,5/11/1983,Black
787,Ursulina,Devlen,Ursulina.Devlen@yopmail.com,2/16/1983,White
788,Emmey,Azeria,Emmey.Azeria@yopmail.com,11/21/1991,Green
789,Sonni,Ader,Sonni.Ader@yopmail.com,11/28/1968,Green
790,Lonnie,Georgy,Lonnie.Georgy@yopmail.com,6/29/1996,Blue
791,Christy,Tiffa,Christy.Tiffa@yopmail.com,10/3/1961,Green
792,Dyann,Leopold,Dyann.Leopold@yopmail.com,3/1/1968,Green
793,Marline,Cleo,Marline.Cleo@yopmail.com,7/13/1978,Blue
794,Alejandra,Horan,Alejandra.Horan@yopmail.com,3/5/1978,Black
795,Nanete,Garrison,Nanete.Garrison@yopmail.com,11/24/1976,Green
796,Aurelie,Lemuela,Aurelie.Lemuela@yopmail.com,11/23/1998,White
797,Nickie,Beebe,Nickie.Beebe@yopmail.com,10/6/1971,White
798,Danika,Calhoun,Danika.Calhoun@yopmail.com,3/30/1987,Blue
799,Chastity,Juliet,Chastity.Juliet@yopmail.com,6/5/1977,White
800,Felice,Iiette,Felice.Iiette@yopmail.com,5/4/1972,Blue
801,Maud,Moseley,Maud.Moseley@yopmail.com,8/15/1960,Black
802,Rivalee,Bohlin,Rivalee.Bohlin@yopmail.com,5/29/1970,Green
803,Perry,Ranjiv,Perry.Ranjiv@yopmail.com,6/20/1960,Black
804,Eve,Poll,Eve.Poll@yopmail.com,5/3/1983,White
805,Carilyn,Vanni,Carilyn.Vanni@yopmail.com,8/5/1994,Green
806,Nelle,Elbertina,Nelle.Elbertina@yopmail.com,2/25/1967,Green
807,Jenda,Kunin,Jenda.Kunin@yopmail.com,11/1/2001,Red
808,Ulrike,Vastah,Ulrike.Vastah@yopmail.com,6/17/1994,White
809,Larine,Malvino,Larine.Malvino@yopmail.com,1/7/1972,Green
810,Laurene,Ioab,Laurene.Ioab@yopmail.com,6/4/1968,Red
811,Kary,Anton,Kary.Anton@yopmail.com,10/15/2001,Red
812,Brietta,Kellby,Brietta.Kellby@yopmail.com,1/25/1996,Green
813,Carol-Jean,Saint,Carol-Jean.Saint@yopmail.com,9/30/1998,Black
814,Tracey,Shields,Tracey.Shields@yopmail.com,5/22/1982,Red
815,Steffane,Neils,Steffane.Neils@yopmail.com,4/19/1962,Green
816,Lorne,Catie,Lorne.Catie@yopmail.com,1/27/1989,Green
817,Merrie,Monaco,Merrie.Monaco@yopmail.com,4/5/1967,White
818,Kristan,Riordan,Kristan.Riordan@yopmail.com,8/5/1980,Red
819,Ermengarde,Celestine,Ermengarde.Celestine@yopmail.com,8/3/1996,Black
820,Imojean,Melleta,Imojean.Melleta@yopmail.com,3/25/1969,Green
821,Claudina,Giule,Claudina.Giule@yopmail.com,3/17/1993,Blue
822,Tori,Norrie,Tori.Norrie@yopmail.com,12/13/1988,Red
823,Carree,Drus,Carree.Drus@yopmail.com,4/25/1997,White
824,Millie,Orelee,Millie.Orelee@yopmail.com,3/14/1973,Blue
825,Aryn,Hirsch,Aryn.Hirsch@yopmail.com,5/19/1983,Red
826,Leanna,Lea,Leanna.Lea@yopmail.com,11/20/1998,Black
827,Carlie,Holbrook,Carlie.Holbrook@yopmail.com,5/1/1980,White
828,Christian,Burkle,Christian.Burkle@yopmail.com,9/21/1983,Red
829,Atlanta,Aaberg,Atlanta.Aaberg@yopmail.com,7/3/1985,Green
830,Fernande,Danby,Fernande.Danby@yopmail.com,5/24/1968,White
831,Ariela,Philoo,Ariela.Philoo@yopmail.com,6/30/1977,Red
832,Phedra,Schenck,Phedra.Schenck@yopmail.com,12/21/1990,Green
833,Annecorinne,Viddah,Annecorinne.Viddah@yopmail.com,4/5/1982,Green
834,Misha,Kathie,Misha.Kathie@yopmail.com,12/18/1971,Black
835,Norine,Sasnett,Norine.Sasnett@yopmail.com,9/15/1966,Blue
836,Aeriela,Llovera,Aeriela.Llovera@yopmail.com,1/4/1964,Black
837,Cindelyn,Caitlin,Cindelyn.Caitlin@yopmail.com,11/25/1989,Blue
838,Jaime,Justinn,Jaime.Justinn@yopmail.com,4/25/1971,Green
839,Mamie,Ailyn,Mamie.Ailyn@yopmail.com,6/5/2001,Blue
840,Aryn,Virgin,Aryn.Virgin@yopmail.com,12/22/1986,Green
841,Adelle,Hanleigh,Adelle.Hanleigh@yopmail.com,1/18/1980,Green
842,Andeee,Toffic,Andeee.Toffic@yopmail.com,7/28/1985,Green
843,Hollie,Nance,Hollie.Nance@yopmail.com,8/6/1961,Green
844,Brana,Ranjiv,Brana.Ranjiv@yopmail.com,1/16/1982,Red
845,Belinda,Santoro,Belinda.Santoro@yopmail.com,8/28/2000,Black
846,Susan,Bord,Susan.Bord@yopmail.com,9/6/1984,Green
847,Fidelia,Harriman,Fidelia.Harriman@yopmail.com,2/20/1964,White
848,Gilda,Wolfgram,Gilda.Wolfgram@yopmail.com,11/16/1980,White
849,Danika,Forrer,Danika.Forrer@yopmail.com,1/16/1978,Blue
850,Briney,Wyn,Briney.Wyn@yopmail.com,5/20/1963,Green
851,Rozele,Girardo,Rozele.Girardo@yopmail.com,3/16/1970,Black
852,Starla,Gaulin,Starla.Gaulin@yopmail.com,12/24/1986,Blue
853,Dorene,Gaynor,Dorene.Gaynor@yopmail.com,10/13/1988,Black
854,Kerrin,Leffen,Kerrin.Leffen@yopmail.com,4/13/1973,White
855,Nadine,Joeann,Nadine.Joeann@yopmail.com,9/23/1964,White
856,Talya,Norvol,Talya.Norvol@yopmail.com,10/31/1967,Black
857,Livvyy,Odysseus,Livvyy.Odysseus@yopmail.com,1/28/1979,Red
858,Linzy,Gavrila,Linzy.Gavrila@yopmail.com,5/23/1993,Green
859,Clary,Joachim,Clary.Joachim@yopmail.com,3/13/1963,Blue
860,Ida,Carbo,Ida.Carbo@yopmail.com,1/12/2000,Black
861,Steffane,Bari,Steffane.Bari@yopmail.com,7/25/1963,Blue
862,Fawne,Pauly,Fawne.Pauly@yopmail.com,7/6/1972,White
863,Jolyn,Honoria,Jolyn.Honoria@yopmail.com,12/10/1976,Black
864,Livvyy,Raffo,Livvyy.Raffo@yopmail.com,5/9/1976,Red
865,Cordi,Arley,Cordi.Arley@yopmail.com,1/1/1983,Green
866,Brianna,Justinn,Brianna.Justinn@yopmail.com,10/26/1965,Red
867,Agathe,Jalbert,Agathe.Jalbert@yopmail.com,3/17/1989,Black
868,Leontine,Ovid,Leontine.Ovid@yopmail.com,3/20/1969,Red
869,Nanete,Noelyn,Nanete.Noelyn@yopmail.com,11/9/1977,Red
870,Cordi,Joli,Cordi.Joli@yopmail.com,2/5/1968,Blue
871,Roseline,Raffo,Roseline.Raffo@yopmail.com,3/24/1988,Green
872,Belva,Jarib,Belva.Jarib@yopmail.com,7/10/1979,Green
873,Fanchon,Anis,Fanchon.Anis@yopmail.com,6/2/1978,Blue
874,Viki,Bebe,Viki.Bebe@yopmail.com,5/28/1988,Green
875,Teriann,Drus,Teriann.Drus@yopmail.com,4/21/1993,White
876,Natka,Payson,Natka.Payson@yopmail.com,2/18/1979,Blue
877,Phylis,Nore,Phylis.Nore@yopmail.com,8/17/1998,Black
878,Doralynne,Kussell,Doralynne.Kussell@yopmail.com,3/23/1998,White
879,Julieta,Edee,Julieta.Edee@yopmail.com,3/2/1979,White
880,Laurene,Persse,Laurene.Persse@yopmail.com,5/9/2000,Red
881,Etta,Bari,Etta.Bari@yopmail.com,1/14/1977,Blue
882,Deedee,Matthew,Deedee.Matthew@yopmail.com,9/27/1982,Blue
883,Tori,Edee,Tori.Edee@yopmail.com,11/15/1990,White
884,Natka,Raama,Natka.Raama@yopmail.com,11/30/1972,Red
885,Annice,Jefferey,Annice.Jefferey@yopmail.com,2/6/1994,Green
886,Ricky,Burnside,Ricky.Burnside@yopmail.com,4/26/1968,Blue
887,Ginnie,Merriott,Ginnie.Merriott@yopmail.com,9/10/1992,Green
888,Corry,Lumbard,Corry.Lumbard@yopmail.com,7/9/1977,Red
889,Pamella,Vivle,Pamella.Vivle@yopmail.com,6/21/1973,White
890,Demetris,Bergman,Demetris.Bergman@yopmail.com,1/16/1977,White
891,Ardenia,Skell,Ardenia.Skell@yopmail.com,5/7/1998,Red
892,Deedee,Edvard,Deedee.Edvard@yopmail.com,1/31/2000,White
893,Bee,Dominy,Bee.Dominy@yopmail.com,7/25/1965,Blue
894,Eadie,Peg,Eadie.Peg@yopmail.com,7/10/1960,Blue
895,Carilyn,Eben,Carilyn.Eben@yopmail.com,9/5/1975,Black
896,Bee,Suanne,Bee.Suanne@yopmail.com,8/2/1984,Blue
897,Marcy,Israeli,Marcy.Israeli@yopmail.com,4/4/2000,Red
898,Tori,O'Neill,Tori.O'Neill@yopmail.com,2/15/1969,Green
899,Daune,Aprile,Daune.Aprile@yopmail.com,1/31/1998,Green
900,Emilia,Madaih,Emilia.Madaih@yopmail.com,5/29/1986,White
901,Nadine,Moseley,Nadine.Moseley@yopmail.com,9/15/1997,Green
902,Kimberley,Stav,Kimberley.Stav@yopmail.com,8/26/1978,White
903,Fidelia,Andrel,Fidelia.Andrel@yopmail.com,3/3/1979,Red
904,Veda,Kimmie,Veda.Kimmie@yopmail.com,8/29/1993,Red
905,Gretal,Janene,Gretal.Janene@yopmail.com,5/19/1989,Blue
906,Sandie,Eachern,Sandie.Eachern@yopmail.com,2/15/1996,Blue
907,Thalia,Cynar,Thalia.Cynar@yopmail.com,10/27/1999,White
908,Sara-Ann,Fink,Sara-Ann.Fink@yopmail.com,12/12/1994,Red
909,Barbi,Berard,Barbi.Berard@yopmail.com,12/5/1965,Blue
910,Deloria,Alabaster,Deloria.Alabaster@yopmail.com,3/25/1989,Green
911,Grier,Sisile,Grier.Sisile@yopmail.com,7/6/1993,Green
912,Ronna,Bebe,Ronna.Bebe@yopmail.com,9/12/1990,White
913,Chandra,Fadiman,Chandra.Fadiman@yopmail.com,3/9/1984,Black
914,Kayla,Bartlett,Kayla.Bartlett@yopmail.com,6/18/1964,Blue
915,Florie,Suanne,Florie.Suanne@yopmail.com,4/20/1966,Blue
916,Pearline,Rubie,Pearline.Rubie@yopmail.com,4/2/2000,White
917,Florencia,Bibi,Florencia.Bibi@yopmail.com,4/1/1984,Red
918,Ivett,Gaynor,Ivett.Gaynor@yopmail.com,9/23/1989,Green
919,Ricky,Joseph,Ricky.Joseph@yopmail.com,1/23/1967,White
920,Phedra,Liebermann,Phedra.Liebermann@yopmail.com,4/9/1975,Blue
921,Gwyneth,Naor,Gwyneth.Naor@yopmail.com,4/12/1998,Black
922,Joeann,Hoban,Joeann.Hoban@yopmail.com,1/21/1964,White
923,Tybie,Birdella,Tybie.Birdella@yopmail.com,6/13/1973,Blue
924,Lorenza,Ellerey,Lorenza.Ellerey@yopmail.com,10/13/1994,Green
925,Constance,Mendez,Constance.Mendez@yopmail.com,3/3/1968,Green
926,Misha,Sadowski,Misha.Sadowski@yopmail.com,3/27/1996,Red
927,Aurore,Granoff,Aurore.Granoff@yopmail.com,5/13/1993,Red
928,Inga,Loeb,Inga.Loeb@yopmail.com,1/17/1974,Green
929,Dione,Hollingsworth,Dione.Hollingsworth@yopmail.com,7/13/1990,Green
930,Roberta,Rosemary,Roberta.Rosemary@yopmail.com,11/1/1989,Black
931,Sharai,Seagraves,Sharai.Seagraves@yopmail.com,2/24/1999,Black
932,Inga,Eldrid,Inga.Eldrid@yopmail.com,5/28/1993,Green
933,Mignon,Rhu,Mignon.Rhu@yopmail.com,8/20/1963,Red
934,Carolina,Prouty,Carolina.Prouty@yopmail.com,3/9/1981,Red
935,Roslyn,Mott,Roslyn.Mott@yopmail.com,3/15/1987,Black
936,Asia,Franza,Asia.Franza@yopmail.com,11/10/1971,White
937,Shannah,Aida,Shannah.Aida@yopmail.com,4/4/1978,Black
938,Amii,Andrel,Amii.Andrel@yopmail.com,7/26/1991,Green
939,Verla,Emerson,Verla.Emerson@yopmail.com,7/3/1965,Green
940,Danika,Vacuva,Danika.Vacuva@yopmail.com,8/16/1994,Red
941,Bertine,Dermott,Bertine.Dermott@yopmail.com,10/9/1971,Green
942,Shel,Alejoa,Shel.Alejoa@yopmail.com,9/3/1992,Red
943,Jessamyn,Phaidra,Jessamyn.Phaidra@yopmail.com,11/28/1997,Red
944,Letizia,Cookie,Letizia.Cookie@yopmail.com,11/3/1982,Blue
945,Gabi,Corrine,Gabi.Corrine@yopmail.com,5/13/1992,Blue
946,Micheline,Hamil,Micheline.Hamil@yopmail.com,1/15/1964,Green
947,Verla,Medrek,Verla.Medrek@yopmail.com,3/24/1990,Green
948,Ardenia,Zamora,Ardenia.Zamora@yopmail.com,9/27/1960,Red
949,Marline,Gualtiero,Marline.Gualtiero@yopmail.com,9/10/1983,White
950,Blondelle,Cleavland,Blondelle.Cleavland@yopmail.com,3/27/1997,Green
951,Barbi,Wooster,Barbi.Wooster@yopmail.com,7/20/1967,Green
952,Delilah,Stuart,Delilah.Stuart@yopmail.com,8/13/1991,Green
953,Renie,Cleavland,Renie.Cleavland@yopmail.com,4/5/1961,Green
954,Vevay,Voletta,Vevay.Voletta@yopmail.com,11/21/1999,Green
955,Flo,Roarke,Flo.Roarke@yopmail.com,5/20/1963,Blue
956,Cacilie,Niccolo,Cacilie.Niccolo@yopmail.com,1/24/1987,White
957,Cordi,Doig,Cordi.Doig@yopmail.com,12/9/2001,Red
958,Margalo,Winnick,Margalo.Winnick@yopmail.com,11/15/1967,Red
959,Arlina,Vastah,Arlina.Vastah@yopmail.com,12/8/1995,Red
960,Katleen,Roarke,Katleen.Roarke@yopmail.com,7/3/1970,Red
961,Corina,Bettine,Corina.Bettine@yopmail.com,6/23/1983,Green
962,Quintina,Engdahl,Quintina.Engdahl@yopmail.com,1/8/1978,Red
963,Xylina,Felizio,Xylina.Felizio@yopmail.com,10/23/1974,Black
964,Mamie,Tacye,Mamie.Tacye@yopmail.com,6/14/1970,Blue
965,Lorne,Arne,Lorne.Arne@yopmail.com,11/24/1971,Green
966,Katuscha,Rese,Katuscha.Rese@yopmail.com,11/17/1982,Blue
967,Allyce,Westphal,Allyce.Westphal@yopmail.com,8/4/1999,Green
968,Sybille,Old,Sybille.Old@yopmail.com,8/14/1979,Black
969,Frieda,Monaco,Frieda.Monaco@yopmail.com,10/1/1983,Green
970,Maridel,Izaak,Maridel.Izaak@yopmail.com,4/22/1993,Red
971,Livvyy,Lunsford,Livvyy.Lunsford@yopmail.com,2/7/1997,Black
972,Ida,Stav,Ida.Stav@yopmail.com,5/26/1966,Black
973,June,Westphal,June.Westphal@yopmail.com,7/21/1977,Red
974,Paulita,Buttaro,Paulita.Buttaro@yopmail.com,2/5/1975,White
975,Mahalia,Posner,Mahalia.Posner@yopmail.com,10/19/1976,Red
976,Briney,Weitman,Briney.Weitman@yopmail.com,2/11/1987,Green
977,Britte,Nester,Britte.Nester@yopmail.com,7/7/1987,Blue
978,Bobbi,O'Neill,Bobbi.O'Neill@yopmail.com,5/1/1979,Red
979,Ariela,Edmund,Ariela.Edmund@yopmail.com,1/29/1983,Red
980,Daryl,Kathie,Daryl.Kathie@yopmail.com,6/20/1962,Black
981,Gwenneth,Jorgan,Gwenneth.Jorgan@yopmail.com,5/23/1999,Red
982,Dede,Socha,Dede.Socha@yopmail.com,9/27/1968,Blue
983,Wendi,Ephrem,Wendi.Ephrem@yopmail.com,1/21/1971,White
984,Anestassia,Deegan,Anestassia.Deegan@yopmail.com,3/12/1970,White
985,Merry,Therine,Merry.Therine@yopmail.com,3/25/1997,Black
986,Isa,Artie,Isa.Artie@yopmail.com,3/3/1971,Blue
987,Elise,Pascia,Elise.Pascia@yopmail.com,9/15/1961,White
988,Marline,Jerald,Marline.Jerald@yopmail.com,10/28/1992,Red
989,Henriette,Toffic,Henriette.Toffic@yopmail.com,6/25/1966,Black
990,Karlee,Ehrman,Karlee.Ehrman@yopmail.com,3/24/1992,Red
991,Christy,Jarib,Christy.Jarib@yopmail.com,1/20/1976,White
992,Penelopa,Dash,Penelopa.Dash@yopmail.com,10/21/1983,Green
993,Brooks,Grobe,Brooks.Grobe@yopmail.com,9/16/1973,Blue
994,Lesly,Socha,Lesly.Socha@yopmail.com,2/14/1993,Red
995,Mariele,Trinetta,Mariele.Trinetta@yopmail.com,4/5/1960,Green
996,Edith,Cherianne,Edith.Cherianne@yopmail.com,10/3/1962,Blue
997,Roseline,Posner,Roseline.Posner@yopmail.com,3/20/1994,Black
998,Judy,Jacobah,Judy.Jacobah@yopmail.com,6/5/1993,White
999,Anthia,Kalinda,Anthia.Kalinda@yopmail.com,1/31/1967,White
1000,Ericka,Wenda,Ericka.Wenda@yopmail.com,11/18/1969,Black
1001,Elsie,Saint,Elsie.Saint@yopmail.com,2/2/1997,Red
1002,Rivalee,Lalitta,Rivalee.Lalitta@yopmail.com,11/8/1989,Red
1003,Cathie,Primalia,Cathie.Primalia@yopmail.com,4/24/1980,Blue
1004,Alyssa,Montgomery,Alyssa.Montgomery@yopmail.com,12/14/1990,Red
1005,Laure,Alabaster,Laure.Alabaster@yopmail.com,2/7/1961,Black
1006,Annaliese,Gunn,Annaliese.Gunn@yopmail.com,4/25/1992,Black
1007,Jere,Milde,Jere.Milde@yopmail.com,11/1/1962,Red
1008,Briney,Dex,Briney.Dex@yopmail.com,12/22/1995,Blue
1009,Xylina,Velick,Xylina.Velick@yopmail.com,4/23/1969,Black
1010,Moyna,Margret,Moyna.Margret@yopmail.com,6/19/1992,Red
1011,Carmela,Hathaway,Carmela.Hathaway@yopmail.com,9/17/1995,Blue
1012,Tilly,Freddi,Tilly.Freddi@yopmail.com,2/25/1981,Black
1013,Ericka,Anyah,Ericka.Anyah@yopmail.com,1/25/1992,Blue
1014,Catharine,Suk,Catharine.Suk@yopmail.com,12/31/1964,Blue
1015,Alisha,Alcott,Alisha.Alcott@yopmail.com,7/22/1985,Green
1016,Maye,Tamsky,Maye.Tamsky@yopmail.com,4/5/1995,Black
1017,Jenda,Arne,Jenda.Arne@yopmail.com,3/8/1991,Red
1018,Alexine,Zuzana,Alexine.Zuzana@yopmail.com,7/15/1989,Green
1019,Kirbee,Kress,Kirbee.Kress@yopmail.com,9/8/1965,Blue
1020,Kalina,Hurley,Kalina.Hurley@yopmail.com,2/4/1989,Red
1021,Anallese,Reidar,Anallese.Reidar@yopmail.com,1/2/1990,Blue
1022,Zia,Ledah,Zia.Ledah@yopmail.com,3/10/1968,Red
1023,Cacilie,Alwin,Cacilie.Alwin@yopmail.com,7/9/1965,Black
1024,Shaylyn,Blase,Shaylyn.Blase@yopmail.com,5/6/1966,Blue
1025,Merry,Bollay,Merry.Bollay@yopmail.com,10/3/1983,Blue
1026,Judy,Capello,Judy.Capello@yopmail.com,6/12/1989,Green
1027,Gerianna,Madelene,Gerianna.Madelene@yopmail.com,12/17/1989,Black
1028,Paulita,Hollingsworth,Paulita.Hollingsworth@yopmail.com,5/25/1973,White
1029,Ardeen,Fairweather,Ardeen.Fairweather@yopmail.com,6/3/1999,Blue
1030,Rayna,Erskine,Rayna.Erskine@yopmail.com,7/22/1961,Red
1031,Brooks,Cristi,Brooks.Cristi@yopmail.com,3/16/1989,Green
1032,Bill,Tayib,Bill.Tayib@yopmail.com,3/24/1981,Green
1033,Cristabel,Lareena,Cristabel.Lareena@yopmail.com,2/4/1983,Green
1034,Charmaine,Modie,Charmaine.Modie@yopmail.com,5/13/1974,Black
1035,Genovera,Angelis,Genovera.Angelis@yopmail.com,11/17/1964,Red
1036,Annora,Grimbly,Annora.Grimbly@yopmail.com,7/20/1997,Green
1037,Kathy,Ferrell,Kathy.Ferrell@yopmail.com,5/21/1981,White
1038,Angela,Albertine,Angela.Albertine@yopmail.com,1/9/1966,Blue
1039,Winifred,Dom,Winifred.Dom@yopmail.com,9/9/1985,Blue
1040,Nelle,Palocz,Nelle.Palocz@yopmail.com,7/23/1977,Red
1041,Dede,Amadas,Dede.Amadas@yopmail.com,10/11/1995,Green
1042,Desirae,Jotham,Desirae.Jotham@yopmail.com,2/22/2001,White
1043,Flo,Cottle,Flo.Cottle@yopmail.com,5/19/1973,Green
1044,Romona,Pernick,Romona.Pernick@yopmail.com,8/14/1987,Blue
1045,Ayn,Glovsky,Ayn.Glovsky@yopmail.com,10/29/1965,Blue
1046,Merry,Arvo,Merry.Arvo@yopmail.com,12/14/1969,White
1047,Stevana,Amethist,Stevana.Amethist@yopmail.com,11/11/1987,White
1048,Florencia,Roumell,Florencia.Roumell@yopmail.com,2/24/1979,Red
1049,Malina,Cullin,Malina.Cullin@yopmail.com,6/26/1999,Green
1050,June,Eugenia,June.Eugenia@yopmail.com,5/8/1968,Red
1051,Katleen,Obed,Katleen.Obed@yopmail.com,12/26/1992,Black
1052,Glynnis,Geffner,Glynnis.Geffner@yopmail.com,6/28/1998,Blue
1053,Alia,Othilia,Alia.Othilia@yopmail.com,9/16/1998,Green
1054,Lacie,Harday,Lacie.Harday@yopmail.com,2/21/1984,Red
1055,Mamie,Cornelia,Mamie.Cornelia@yopmail.com,11/8/1973,Blue
1056,Starla,Goerke,Starla.Goerke@yopmail.com,8/30/1985,Green
1057,Annice,Francene,Annice.Francene@yopmail.com,7/8/1961,Black
1058,Caritta,Riva,Caritta.Riva@yopmail.com,2/18/1977,White
1059,Ethel,Payson,Ethel.Payson@yopmail.com,2/5/1980,Green
1060,Rhea,Adrienne,Rhea.Adrienne@yopmail.com,4/13/1961,Blue
1061,Shauna,Jacobah,Shauna.Jacobah@yopmail.com,11/18/1973,White
1062,Shel,Idelia,Shel.Idelia@yopmail.com,7/21/2001,White
1063,Brana,Bennie,Brana.Bennie@yopmail.com,9/27/1979,White
1064,Hallie,Horan,Hallie.Horan@yopmail.com,1/31/1963,Black
1065,Farrah,Lorenz,Farrah.Lorenz@yopmail.com,8/20/1978,Blue
1066,Henriette,Leonard,Henriette.Leonard@yopmail.com,4/15/1969,Red
1067,Alia,Hessler,Alia.Hessler@yopmail.com,2/21/1984,Blue
1068,Wilma,Boehike,Wilma.Boehike@yopmail.com,4/14/1966,Blue
1069,Olwen,Socha,Olwen.Socha@yopmail.com,10/21/1967,Green
1070,Ricky,Oneida,Ricky.Oneida@yopmail.com,8/25/1984,Red
1071,Juliane,Lail,Juliane.Lail@yopmail.com,10/15/1972,Black
1072,Ekaterina,Lesley,Ekaterina.Lesley@yopmail.com,1/11/1992,Black
1073,Starla,Fairweather,Starla.Fairweather@yopmail.com,4/18/2000,White
1074,Johna,Callista,Johna.Callista@yopmail.com,5/10/1968,Black
1075,Audrie,Middleton,Audrie.Middleton@yopmail.com,1/30/1968,Green
1076,Gratia,Grimbly,Gratia.Grimbly@yopmail.com,9/24/1974,Green
1077,Jaclyn,Ackerley,Jaclyn.Ackerley@yopmail.com,1/27/1986,Blue
1078,Emma,Doig,Emma.Doig@yopmail.com,11/16/1973,Red
1079,Alameda,Modie,Alameda.Modie@yopmail.com,8/20/1993,Green
1080,Kristan,Brackely,Kristan.Brackely@yopmail.com,1/19/1995,Green
1081,Fernande,Bandeen,Fernande.Bandeen@yopmail.com,6/30/1964,Black
1082,Constance,Vivle,Constance.Vivle@yopmail.com,1/10/1970,White
1083,Margarette,Hathaway,Margarette.Hathaway@yopmail.com,6/13/1995,Black
1084,Joelly,Brieta,Joelly.Brieta@yopmail.com,4/14/1980,White
1085,Lusa,Soneson,Lusa.Soneson@yopmail.com,8/14/1964,Red
1086,Jerry,Nea,Jerry.Nea@yopmail.com,4/18/1963,Red
1087,Alex,Kevon,Alex.Kevon@yopmail.com,7/13/1978,Blue
1088,Luci,Nance,Luci.Nance@yopmail.com,3/30/1971,Red
1089,Caressa,Cleo,Caressa.Cleo@yopmail.com,12/3/1969,Blue
1090,Nollie,Monk,Nollie.Monk@yopmail.com,5/5/1963,Blue
1091,Ketti,Cordi,Ketti.Cordi@yopmail.com,3/21/1993,Black
1092,Meghann,Giule,Meghann.Giule@yopmail.com,10/22/2001,White
1093,Willetta,Ferrell,Willetta.Ferrell@yopmail.com,8/13/1977,Red
1094,Shirlee,Ailyn,Shirlee.Ailyn@yopmail.com,1/1/1968,White
1095,Roz,Billye,Roz.Billye@yopmail.com,9/21/1977,Green
1096,Amara,Rozanna,Amara.Rozanna@yopmail.com,1/15/1990,Green
1097,Paola,Roxanna,Paola.Roxanna@yopmail.com,3/25/1989,Red
1098,Cassondra,Genna,Cassondra.Genna@yopmail.com,10/1/1982,Black
1099,Jordan,Yam,Jordan.Yam@yopmail.com,2/23/1982,Green
