id,firstname,lastname,email,DateOfBirth,profession
100,Korrie,Havens,Korrie.Havens@yopmail.com,1977-08-16,Black
101,Debee,Ralfston,Debee.Ralfston@yopmail.com,2014-09-09,Green
102,Hayley,Poll,Hayley.Poll@yopmail.com,1907-04-18,Black
103,Tami,Si,Tami.Si@yopmail.com,2006-10-10,Green
104,Tera,Ruvolo,Tera.Ruvolo@yopmail.com,2014-03-19,Green
105,Marsiella,Irmine,Marsiella.Irmine@yopmail.com,1987-06-25,White
106,Averyl,Bonucci,Averyl.Bonucci@yopmail.com,1991-01-08,Black
107,Georgetta,Old,Georgetta.Old@yopmail.com,1951-03-10,Black
108,Carlie,Goth,Carlie.Goth@yopmail.com,1953-05-31,White
109,Dotty,Chandler,Dotty.Chandler@yopmail.com,1928-07-24,Red
110,Arlina,Anton,Arlina.Anton@yopmail.com,1922-03-26,White
111,Merrie,Meter,Merrie.Meter@yopmail.com,1993-04-13,Red
112,Dari,Doig,Dari.Doig@yopmail.com,1961-10-19,Red
113,Brianna,Ephrem,Brianna.Ephrem@yopmail.com,1947-06-13,Black
114,Mara,Peonir,Mara.Peonir@yopmail.com,2007-09-21,Green
115,Deane,Havens,Deane.Havens@yopmail.com,1908-05-27,Green
116,Amelia,Florina,Amelia.Florina@yopmail.com,1905-03-13,Red
117,Sashenka,Flyn,Sashenka.Flyn@yopmail.com,1990-10-31,Green
118,Gilligan,Chick,Gilligan.Chick@yopmail.com,1960-01-16,White
119,Vevay,Socha,Vevay.Socha@yopmail.com,1955-03-20,Red
120,Dolli,Hoban,Dolli.Hoban@yopmail.com,1951-02-01,Blue
121,Corene,Oscar,Corene.Oscar@yopmail.com,1963-12-12,White
122,Alie,Stuart,Alie.Stuart@yopmail.com,1926-10-22,Red
123,Giustina,Pauly,Giustina.Pauly@yopmail.com,1945-06-27,White
124,Tabbatha,Septima,Tabbatha.Septima@yopmail.com,1912-08-09,Red
125,Meriel,Garek,Meriel.Garek@yopmail.com,2015-07-08,Blue
126,Madelle,Thilda,Madelle.Thilda@yopmail.com,1993-12-27,Black
127,Valli,Noam,Valli.Noam@yopmail.com,1909-05-30,Green
128,Lolita,Hazlett,Lolita.Hazlett@yopmail.com,1989-03-30,Black
129,Korrie,Joeann,Korrie.Joeann@yopmail.com,1938-10-26,White
130,Elsie,Chapland,Elsie.Chapland@yopmail.com,1958-03-10,Blue
131,Melina,Liebermann,Melina.Liebermann@yopmail.com,1964-06-14,Green
132,Hannis,Cullin,Hannis.Cullin@yopmail.com,1988-03-30,Red
133,Alisha,Smitt,Alisha.Smitt@yopmail.com,1938-06-20,Blue
134,Marylou,Jacqui,Marylou.Jacqui@yopmail.com,1951-10-31,Blue
135,Tomasina,Secrest,Tomasina.Secrest@yopmail.com,2011-08-28,Blue
136,Maud,Kare,Maud.Kare@yopmail.com,1993-06-24,Green
137,Deirdre,Toni,Deirdre.Toni@yopmail.com,1967-03-18,Black
138,Gloria,Emanuel,Gloria.Emanuel@yopmail.com,1954-02-09,Blue
139,Charmaine,Iiette,Charmaine.Iiette@yopmail.com,1910-05-08,Red
140,Kial,Erskine,Kial.Erskine@yopmail.com,1985-01-05,White
141,Odessa,Levey,Odessa.Levey@yopmail.com,1931-08-13,Red
142,Daune,Catie,Daune.Catie@yopmail.com,1992-02-23,White
143,Aurore,Tybald,Aurore.Tybald@yopmail.com,1984-11-14,Blue
144,Mamie,Jotham,Mamie.Jotham@yopmail.com,1973-02-22,Green
145,Meriel,Judye,Meriel.Judye@yopmail.com,1901-01-01,White
146,Micheline,Hepsibah,Micheline.Hepsibah@yopmail.com,1994-04-15,Red
147,Joceline,Sawtelle,Joceline.Sawtelle@yopmail.com,1900-05-02,Green
148,Chickie,Stuart,Chickie.Stuart@yopmail.com,1909-06-26,Green
149,Penelopa,Kaja,Penelopa.Kaja@yopmail.com,1934-03-28,Red
150,Di,Henrie,Di.Henrie@yopmail.com,1983-12-12,White
151,Fidelia,Gibbeon,Fidelia.Gibbeon@yopmail.com,1944-12-27,White
152,Valli,Pozzy,Valli.Pozzy@yopmail.com,1908-04-13,White
153,Arlina,Wadell,Arlina.Wadell@yopmail.com,1948-04-08,Red
154,Pearline,Yorick,Pearline.Yorick@yopmail.com,1953-07-03,White
155,Karolina,Lemuela,Karolina.Lemuela@yopmail.com,1974-10-03,Black
156,Selia,Burnside,Selia.Burnside@yopmail.com,1905-01-15,White
157,Luci,Telfer,Luci.Telfer@yopmail.com,1921-01-03,Green
158,Dawn,Rozanna,Dawn.Rozanna@yopmail.com,1955-05-29,Black
159,Roberta,Syd,Roberta.Syd@yopmail.com,1920-08-13,White
160,Etta,Wesle,Etta.Wesle@yopmail.com,1909-12-13,Green
161,Nadine,Markman,Nadine.Markman@yopmail.com,1932-01-20,Black
162,Chandra,Gregrory,Chandra.Gregrory@yopmail.com,1927-03-21,White
163,Millie,Hailee,Millie.Hailee@yopmail.com,1968-07-27,Blue
164,Madeleine,Karl,Madeleine.Karl@yopmail.com,1996-01-17,Blue
165,Nita,Meter,Nita.Meter@yopmail.com,1945-06-17,Blue
166,Tracey,Clara,Tracey.Clara@yopmail.com,1996-05-21,Black
167,Aigneis,Soneson,Aigneis.Soneson@yopmail.com,1951-08-10,Black
168,Arlena,Marlie,Arlena.Marlie@yopmail.com,1965-04-22,Green
169,Farrah,Berne,Farrah.Berne@yopmail.com,2009-07-16,Black
170,Ileana,O'Neill,Ileana.O'Neill@yopmail.com,1944-06-19,Black
171,Lindie,Wilkinson,Lindie.Wilkinson@yopmail.com,1984-10-24,Black
172,Lory,Kat,Lory.Kat@yopmail.com,2006-05-19,Green
173,Ebonee,Philoo,Ebonee.Philoo@yopmail.com,1907-09-01,Red
174,Cyb,Egbert,Cyb.Egbert@yopmail.com,1963-11-11,White
175,Emma,Darrell,Emma.Darrell@yopmail.com,1921-08-29,Green
176,Marika,Trace,Marika.Trace@yopmail.com,1960-07-30,Blue
177,Olwen,Rurik,Olwen.Rurik@yopmail.com,1910-04-05,Black
178,Ofilia,Thomasina,Ofilia.Thomasina@yopmail.com,1928-06-29,Green
179,Cathyleen,Kathie,Cathyleen.Kathie@yopmail.com,1950-09-28,Green
180,Rebeca,Annabella,Rebeca.Annabella@yopmail.com,1934-03-07,Black
181,Dania,Secrest,Dania.Secrest@yopmail.com,1937-03-29,Red
182,Giustina,Abram,Giustina.Abram@yopmail.com,1946-11-21,Green
183,Philis,Hubert,Philis.Hubert@yopmail.com,2010-12-27,White
184,Ezmeralda,Bouchard,Ezmeralda.Bouchard@yopmail.com,1919-12-26,Blue
185,Chandra,Bobbee,Chandra.Bobbee@yopmail.com,2007-10-08,Red
186,Lauryn,Shanley,Lauryn.Shanley@yopmail.com,1923-12-27,Blue
187,Lolita,Lucienne,Lolita.Lucienne@yopmail.com,2006-11-17,Blue
188,Tani,Vins,Tani.Vins@yopmail.com,1985-12-16,Green
189,Yvonne,Hamil,Yvonne.Hamil@yopmail.com,1911-07-30,Black
190,Danika,Chobot,Danika.Chobot@yopmail.com,1924-08-29,Black
191,Georgetta,Edee,Georgetta.Edee@yopmail.com,2010-10-24,Red
192,Dari,Jalbert,Dari.Jalbert@yopmail.com,1925-07-04,White
193,Lorie,Ellerey,Lorie.Ellerey@yopmail.com,1935-03-22,Black
194,Heddie,Percy,Heddie.Percy@yopmail.com,1971-07-16,Black
195,Gabriellia,Rhu,Gabriellia.Rhu@yopmail.com,1903-04-14,White
196,Hildegaard,Paine,Hildegaard.Paine@yopmail.com,1909-01-05,Green
197,Amalie,Ietta,Amalie.Ietta@yopmail.com,1908-02-16,Blue
198,Annaliese,Mitzi,Annaliese.Mitzi@yopmail.com,1937-10-05,Red
199,Joane,Bollay,Joane.Bollay@yopmail.com,2017-06-16,Red
200,Winifred,Gibbeon,Winifred.Gibbeon@yopmail.com,1957-08-10,Black
201,Luci,Guthrie,Luci.Guthrie@yopmail.com,1913-05-27,Green
202,Rayna,Elvyn,Rayna.Elvyn@yopmail.com,2010-03-04,Blue
203,Tatiania,Barrus,Tatiania.Barrus@yopmail.com,1957-11-06,Red
204,Concettina,Bandeen,Concettina.Bandeen@yopmail.com,2009-03-07,White
205,Ofilia,Rurik,Ofilia.Rurik@yopmail.com,1901-09-05,White
206,Helena,Ries,Helena.Ries@yopmail.com,1989-09-30,Black
207,Mara,Cookie,Mara.Cookie@yopmail.com,1940-08-29,Red
208,Eolanda,Himelman,Eolanda.Himelman@yopmail.com,1993-03-17,Green
209,Marnia,Ruvolo,Marnia.Ruvolo@yopmail.com,1982-06-16,Blue
210,Aryn,Goth,Aryn.Goth@yopmail.com,1967-05-16,Red
211,Jacenta,Dosia,Jacenta.Dosia@yopmail.com,1909-06-29,Green
212,Gratia,Presber,Gratia.Presber@yopmail.com,1912-04-24,Blue
213,Corry,Gerge,Corry.Gerge@yopmail.com,1957-08-04,White
214,Jsandye,Chobot,Jsandye.Chobot@yopmail.com,2003-10-11,Black
215,Jennica,Eckblad,Jennica.Eckblad@yopmail.com,1977-08-17,Green
216,Donnie,Rheingold,Donnie.Rheingold@yopmail.com,1939-04-25,Green
217,Isa,Rugen,Isa.Rugen@yopmail.com,1952-01-19,Red
218,Rosene,Bouchard,Rosene.Bouchard@yopmail.com,2012-05-19,White
219,Teriann,Thar,Teriann.Thar@yopmail.com,1942-01-02,White
220,Lucille,O'Neill,Lucille.O'Neill@yopmail.com,1982-04-03,Blue
221,Brandise,Bluh,Brandise.Bluh@yopmail.com,1986-08-06,Green
222,Riannon,Casimir,Riannon.Casimir@yopmail.com,1905-05-03,White
223,Cam,Pyle,Cam.Pyle@yopmail.com,1973-04-04,Black
224,Angela,Esmaria,Angela.Esmaria@yopmail.com,1990-11-18,Blue
225,Rayna,Claudine,Rayna.Claudine@yopmail.com,2002-01-01,Green
226,Fanny,Diogenes,Fanny.Diogenes@yopmail.com,1989-05-06,Green
227,Cyb,Thunell,Cyb.Thunell@yopmail.com,1926-05-18,Green
228,Cathie,Arquit,Cathie.Arquit@yopmail.com,1964-04-09,Red
229,Cyndie,Girardo,Cyndie.Girardo@yopmail.com,2011-07-03,Red
230,Raina,Wallis,Raina.Wallis@yopmail.com,1935-12-15,Green
231,Jaime,Secrest,Jaime.Secrest@yopmail.com,1942-08-28,Green
232,Emilia,Philoo,Emilia.Philoo@yopmail.com,1953-01-19,Green
233,Cissiee,Gert,Cissiee.Gert@yopmail.com,1904-06-13,Red
234,Ivett,Jenness,Ivett.Jenness@yopmail.com,1903-01-18,Black
235,Petronia,Ethban,Petronia.Ethban@yopmail.com,1988-02-29,Red
236,Berta,Kunin,Berta.Kunin@yopmail.com,1914-10-02,White
237,Darci,McLaughlin,Darci.McLaughlin@yopmail.com,1960-10-05,Black
238,Brena,Alarise,Brena.Alarise@yopmail.com,1901-05-08,Black
239,Brandise,Stevy,Brandise.Stevy@yopmail.com,1988-02-04,Green
240,Jean,Milson,Jean.Milson@yopmail.com,1979-05-17,Green
241,June,Whiffen,June.Whiffen@yopmail.com,1987-09-07,Blue
242,Jordan,Kesley,Jordan.Kesley@yopmail.com,2009-07-31,Black
243,Debee,Septima,Debee.Septima@yopmail.com,1913-01-24,White
244,Anica,Zamora,Anica.Zamora@yopmail.com,1958-10-02,Red
245,Brietta,Aurelio,Brietta.Aurelio@yopmail.com,1960-09-28,Black
246,Carol-Jean,Sasnett,Carol-Jean.Sasnett@yopmail.com,1921-05-31,Black
247,Dulce,Goldina,Dulce.Goldina@yopmail.com,1976-07-30,Black
248,Nollie,Willie,Nollie.Willie@yopmail.com,1970-05-25,Black
249,Alleen,Mott,Alleen.Mott@yopmail.com,1969-03-01,White
250,Jessamyn,Myrilla,Jessamyn.Myrilla@yopmail.com,2008-04-12,Blue
251,Jennica,Jorgan,Jennica.Jorgan@yopmail.com,1900-05-20,Green
252,Modestia,Dyche,Modestia.Dyche@yopmail.com,1980-12-20,White
253,Kayla,Borrell,Kayla.Borrell@yopmail.com,2017-10-28,White
254,Pearline,Danby,Pearline.Danby@yopmail.com,1991-03-15,Green
255,Adore,Mata,Adore.Mata@yopmail.com,1969-03-18,White
256,Judy,Emanuel,Judy.Emanuel@yopmail.com,2016-07-03,Black
257,Starla,Amasa,Starla.Amasa@yopmail.com,1931-01-07,Black
258,Kary,Teryn,Kary.Teryn@yopmail.com,1973-06-05,Green
259,Louella,Sekofski,Louella.Sekofski@yopmail.com,1974-03-11,Green
260,Vere,Judye,Vere.Judye@yopmail.com,1947-02-10,Blue
261,Andeee,Bearnard,Andeee.Bearnard@yopmail.com,1961-03-01,Blue
262,Rivalee,Ivens,Rivalee.Ivens@yopmail.com,1971-09-06,Blue
263,Jere,Juliet,Jere.Juliet@yopmail.com,1918-06-12,Black
264,Kristina,Cleo,Kristina.Cleo@yopmail.com,1972-07-30,Blue
265,Zia,Robertson,Zia.Robertson@yopmail.com,2004-03-03,Blue
266,Ottilie,Randene,Ottilie.Randene@yopmail.com,1998-12-27,Red
267,Marinna,Abernon,Marinna.Abernon@yopmail.com,2011-05-30,Blue
268,Dyann,Radu,Dyann.Radu@yopmail.com,1969-05-28,Blue
269,Annora,Kesley,Annora.Kesley@yopmail.com,2013-04-14,Green
270,Adele,Maribeth,Adele.Maribeth@yopmail.com,1998-09-12,Black
271,Hildegaard,Terencio,Hildegaard.Terencio@yopmail.com,1978-02-12,White
272,Alejandra,Iaverne,Alejandra.Iaverne@yopmail.com,1911-12-19,Red
273,Cherilyn,Kunin,Cherilyn.Kunin@yopmail.com,1927-08-19,White
274,Maurene,McAdams,Maurene.McAdams@yopmail.com,2010-10-05,White
275,Gabriellia,Lindemann,Gabriellia.Lindemann@yopmail.com,1959-07-28,Green
276,Trixi,Lemuela,Trixi.Lemuela@yopmail.com,1948-04-27,Red
277,Frieda,Carolin,Frieda.Carolin@yopmail.com,1903-06-27,Black
278,Layla,Wittie,Layla.Wittie@yopmail.com,1968-01-26,Blue
279,Layla,Sekofski,Layla.Sekofski@yopmail.com,1937-02-01,Black
280,Emma,Elephus,Emma.Elephus@yopmail.com,1970-03-27,Blue
281,Myriam,Chobot,Myriam.Chobot@yopmail.com,2001-07-05,Green
282,Mariann,Kazimir,Mariann.Kazimir@yopmail.com,1929-08-30,Blue
283,Marleah,Nester,Marleah.Nester@yopmail.com,1991-01-11,Green
284,Oona,Alejoa,Oona.Alejoa@yopmail.com,1933-02-24,Blue
285,Sue,Standing,Sue.Standing@yopmail.com,1972-06-11,Green
286,Sallie,Dituri,Sallie.Dituri@yopmail.com,1939-01-02,Blue
287,Jillayne,Geffner,Jillayne.Geffner@yopmail.com,1904-06-18,Black
288,Ileana,Fiester,Ileana.Fiester@yopmail.com,2009-12-16,Black
289,Mara,Grosz,Mara.Grosz@yopmail.com,1912-06-07,Black
290,Cristine,Bennie,Cristine.Bennie@yopmail.com,1992-09-18,Black
291,Paule,Fredi,Paule.Fredi@yopmail.com,2017-08-07,Black
292,Cherilyn,Turne,Cherilyn.Turne@yopmail.com,1911-08-27,Black
293,Zondra,Bord,Zondra.Bord@yopmail.com,1934-07-01,White
294,Brietta,Sholley,Brietta.Sholley@yopmail.com,1944-09-12,White
295,Mallory,Sprage,Mallory.Sprage@yopmail.com,2018-07-04,Red
296,Kary,Blase,Kary.Blase@yopmail.com,2005-02-12,Red
297,Dyann,Ammann,Dyann.Ammann@yopmail.com,1984-10-17,Black
298,Jere,Eugenia,Jere.Eugenia@yopmail.com,1990-10-12,White
299,Rebeca,Gusella,Rebeca.Gusella@yopmail.com,1988-05-05,Blue
300,Caryl,Trinetta,Caryl.Trinetta@yopmail.com,1977-06-13,Black
301,Adriana,Ursulette,Adriana.Ursulette@yopmail.com,1900-09-20,Green
302,Paola,Seagraves,Paola.Seagraves@yopmail.com,1914-03-07,Black
303,Kylynn,Carleen,Kylynn.Carleen@yopmail.com,1940-02-16,Green
304,Norine,Granoff,Norine.Granoff@yopmail.com,1976-02-14,Green
305,Wilma,Florina,Wilma.Florina@yopmail.com,1957-05-05,Red
306,Tilly,Nedrud,Tilly.Nedrud@yopmail.com,1904-11-14,Black
307,Cyndie,Birdella,Cyndie.Birdella@yopmail.com,1966-06-11,Green
308,Agathe,Hortensia,Agathe.Hortensia@yopmail.com,1910-05-04,Green
309,Sheelagh,Zola,Sheelagh.Zola@yopmail.com,1939-10-10,Blue
310,Valeda,Parsaye,Valeda.Parsaye@yopmail.com,1978-02-03,White
311,Shannah,Nicoline,Shannah.Nicoline@yopmail.com,1967-05-09,White
312,Danika,Palocz,Danika.Palocz@yopmail.com,1921-03-24,Black
313,Roseline,Edee,Roseline.Edee@yopmail.com,1962-11-17,Green
314,Mathilda,Byrne,Mathilda.Byrne@yopmail.com,1953-11-03,Red
315,Lynea,Autrey,Lynea.Autrey@yopmail.com,1938-12-11,White
316,Maud,Euridice,Maud.Euridice@yopmail.com,1966-01-31,Black
317,Nikki,Thornburg,Nikki.Thornburg@yopmail.com,1954-08-28,Red
318,Emilia,Anderea,Emilia.Anderea@yopmail.com,1995-02-14,Green
319,Clary,Abbot,Clary.Abbot@yopmail.com,1911-03-17,Black
320,Camile,Konyn,Camile.Konyn@yopmail.com,1932-03-05,Green
321,Emelina,Nea,Emelina.Nea@yopmail.com,1938-04-05,Green
322,Pamella,Celestine,Pamella.Celestine@yopmail.com,1982-07-05,Black
323,Starla,Anton,Starla.Anton@yopmail.com,1981-06-27,Black
324,Adriana,Santoro,Adriana.Santoro@yopmail.com,1979-07-03,Red
325,Leia,Tillford,Leia.Tillford@yopmail.com,1945-11-10,White
326,Mary,Dorine,Mary.Dorine@yopmail.com,1986-09-27,Green
327,Sam,Dermott,Sam.Dermott@yopmail.com,1978-07-14,Red
328,Nerta,Hylan,Nerta.Hylan@yopmail.com,1996-05-05,Blue
329,Raf,Ferino,Raf.Ferino@yopmail.com,1974-02-14,Black
330,Atlanta,Annabella,Atlanta.Annabella@yopmail.com,1959-07-06,Green
331,Clementine,Gillan,Clementine.Gillan@yopmail.com,1993-09-15,Red
332,Meriel,Glenden,Meriel.Glenden@yopmail.com,1999-06-13,Blue
333,Chloris,Lia,Chloris.Lia@yopmail.com,1982-10-23,Blue
334,Carol-Jean,Rosalba,Carol-Jean.Rosalba@yopmail.com,2019-10-30,Blue
335,Janey,Bohlin,Janey.Bohlin@yopmail.com,1960-07-02,White
336,Steffane,Ovid,Steffane.Ovid@yopmail.com,1932-12-10,Red
337,Elbertina,Zrike,Elbertina.Zrike@yopmail.com,1948-06-01,Black
338,Nanete,Uund,Nanete.Uund@yopmail.com,2010-11-23,Blue
339,Starla,Keily,Starla.Keily@yopmail.com,2004-05-11,Blue
340,Tamqrah,Leary,Tamqrah.Leary@yopmail.com,1928-09-02,Red
341,Lynea,Denis,Lynea.Denis@yopmail.com,1971-09-18,Black
342,Taffy,Darrell,Taffy.Darrell@yopmail.com,1978-06-14,Red
343,Bettine,Toor,Bettine.Toor@yopmail.com,1959-02-10,Blue
344,Kristan,Hutchison,Kristan.Hutchison@yopmail.com,2017-10-23,Black
345,Liana,Daniele,Liana.Daniele@yopmail.com,1969-04-08,Red
346,Elise,Pulsifer,Elise.Pulsifer@yopmail.com,1958-06-12,Black
347,Robbi,Trace,Robbi.Trace@yopmail.com,1978-08-20,Black
348,Lita,Mott,Lita.Mott@yopmail.com,1937-05-22,Black
349,Christal,Drus,Christal.Drus@yopmail.com,1962-10-13,Red
350,Beatriz,Milde,Beatriz.Milde@yopmail.com,1920-09-15,White
351,Brietta,Zeeba,Brietta.Zeeba@yopmail.com,1914-09-27,Black
352,Fernande,Land,Fernande.Land@yopmail.com,1915-01-06,Black
353,Sidoney,Morehouse,Sidoney.Morehouse@yopmail.com,1974-03-10,Red
354,Phedra,Jaylene,Phedra.Jaylene@yopmail.com,1925-08-13,Red
355,Zia,Anselmi,Zia.Anselmi@yopmail.com,1963-05-29,White
356,Felice,Cassius,Felice.Cassius@yopmail.com,1921-11-23,Red
357,Leona,Fredi,Leona.Fredi@yopmail.com,2008-09-07,Blue
358,Keelia,Trey,Keelia.Trey@yopmail.com,1967-02-12,White
359,Phedra,Terencio,Phedra.Terencio@yopmail.com,2016-01-12,Black
360,Candy,Eno,Candy.Eno@yopmail.com,1938-06-29,Red
361,Penelopa,Tillford,Penelopa.Tillford@yopmail.com,1901-08-27,Red
362,Lucy,Grobe,Lucy.Grobe@yopmail.com,1966-05-21,Black
363,Corly,Maisey,Corly.Maisey@yopmail.com,1909-05-01,White
364,Meghann,Braun,Meghann.Braun@yopmail.com,2001-10-23,Green
365,Ursulina,Reinke,Ursulina.Reinke@yopmail.com,1922-04-29,Blue
366,Vonny,Albertine,Vonny.Albertine@yopmail.com,1930-09-27,Green
367,Clary,Berl,Clary.Berl@yopmail.com,1969-05-11,Black
368,Deedee,Thornburg,Deedee.Thornburg@yopmail.com,1908-03-29,Red
369,Marcelline,Parette,Marcelline.Parette@yopmail.com,1974-05-27,White
370,Phylis,Salchunas,Phylis.Salchunas@yopmail.com,1920-02-26,Black
371,Nelle,Ferino,Nelle.Ferino@yopmail.com,1967-05-26,White
372,Consuela,Cassius,Consuela.Cassius@yopmail.com,1916-02-16,White
373,Marguerite,Hirsch,Marguerite.Hirsch@yopmail.com,1968-11-28,Green
374,Jean,Vorster,Jean.Vorster@yopmail.com,1915-03-23,Red
375,Rivalee,Suk,Rivalee.Suk@yopmail.com,1966-09-17,Black
376,Dorothy,Andrel,Dorothy.Andrel@yopmail.com,1972-07-05,White
377,Esmeralda,Skurnik,Esmeralda.Skurnik@yopmail.com,1902-05-25,Red
378,Bobinette,Amadas,Bobinette.Amadas@yopmail.com,2016-06-06,Blue
379,Ann-Marie,Nedrud,Ann-Marie.Nedrud@yopmail.com,1983-07-16,Red
380,Mignon,Stoller,Mignon.Stoller@yopmail.com,2003-02-20,Black
381,Deane,Daveta,Deane.Daveta@yopmail.com,2002-09-15,White
382,Fredericka,Grobe,Fredericka.Grobe@yopmail.com,1930-04-11,Red
383,Selma,Valoniah,Selma.Valoniah@yopmail.com,1943-02-02,Red
384,Bertine,Goldina,Bertine.Goldina@yopmail.com,1902-01-04,Red
385,Jaime,Ralfston,Jaime.Ralfston@yopmail.com,1921-09-28,Red
386,Loree,Rodmann,Loree.Rodmann@yopmail.com,2017-09-07,White
387,Vere,Vanni,Vere.Vanni@yopmail.com,1995-12-16,White
388,Aurelie,Jess,Aurelie.Jess@yopmail.com,1902-10-30,Red
389,Gabriellia,Oriana,Gabriellia.Oriana@yopmail.com,1901-10-16,Blue
390,Annice,Land,Annice.Land@yopmail.com,1974-08-31,Red
391,Annice,Sigfrid,Annice.Sigfrid@yopmail.com,1986-10-09,Blue
392,Jenda,Alfons,Jenda.Alfons@yopmail.com,2003-12-26,Red
393,Charmaine,Destinee,Charmaine.Destinee@yopmail.com,1931-11-09,Black
394,Noelle,Koehler,Noelle.Koehler@yopmail.com,1932-03-31,Green
395,Marcelline,Faro,Marcelline.Faro@yopmail.com,1910-05-16,White
396,Max,Trinetta,Max.Trinetta@yopmail.com,1969-02-10,Blue
397,Flo,Liebermann,Flo.Liebermann@yopmail.com,1973-05-03,White
398,Vanessa,Olympium,Vanessa.Olympium@yopmail.com,1912-03-11,Blue
399,Odessa,Ambrosia,Odessa.Ambrosia@yopmail.com,1931-07-29,Green
400,Jobi,Rustice,Jobi.Rustice@yopmail.com,1989-11-05,Black
401,Dania,Gunn,Dania.Gunn@yopmail.com,1956-05-11,Black
402,Dennie,Shaddock,Dennie.Shaddock@yopmail.com,1978-01-16,Blue
403,Hope,Lowry,Hope.Lowry@yopmail.com,1909-10-22,Black
404,Bobbi,Sundin,Bobbi.Sundin@yopmail.com,1988-12-23,Green
405,Jere,Bury,Jere.Bury@yopmail.com,1994-10-17,Red
406,Debee,Ball,Debee.Ball@yopmail.com,1914-01-31,Blue
407,Dorene,Magdalen,Dorene.Magdalen@yopmail.com,1936-02-04,Red
408,Camile,Kannry,Camile.Kannry@yopmail.com,1919-05-13,Green
409,Maisey,Brieta,Maisey.Brieta@yopmail.com,1961-01-13,Blue
410,Sindee,Hailee,Sindee.Hailee@yopmail.com,1983-09-06,White
411,Hyacinthe,Thornburg,Hyacinthe.Thornburg@yopmail.com,1901-04-02,Green
412,Suzette,Durante,Suzette.Durante@yopmail.com,1926-07-07,Green
413,Henriette,Geffner,Henriette.Geffner@yopmail.com,2014-04-12,Green
414,Annaliese,Darbie,Annaliese.Darbie@yopmail.com,1989-10-13,Blue
415,Cordi,Gladstone,Cordi.Gladstone@yopmail.com,1960-11-05,Black
416,Tarra,Tiffa,Tarra.Tiffa@yopmail.com,1967-03-16,Red
417,Theodora,Hourigan,Theodora.Hourigan@yopmail.com,1932-03-15,Red
418,Tami,Rozanna,Tami.Rozanna@yopmail.com,1932-08-09,White
419,Mathilda,Jacinda,Mathilda.Jacinda@yopmail.com,1978-03-14,Red
420,Darlleen,Brittani,Darlleen.Brittani@yopmail.com,1971-07-07,Green
421,Ruthe,Eckblad,Ruthe.Eckblad@yopmail.com,1976-05-07,Blue
422,Stephanie,Jerold,Stephanie.Jerold@yopmail.com,1960-06-25,Green
423,Rosabelle,Pearse,Rosabelle.Pearse@yopmail.com,1960-07-21,White
424,Celestyna,Fleeta,Celestyna.Fleeta@yopmail.com,2013-07-17,Green
425,Kore,Gale,Kore.Gale@yopmail.com,1907-04-16,White
426,Sallie,Bari,Sallie.Bari@yopmail.com,1975-09-12,Green
427,Winifred,Zeeba,Winifred.Zeeba@yopmail.com,1910-11-26,Red
428,Andree,Wenoa,Andree.Wenoa@yopmail.com,1954-03-11,Green
429,Rebeca,Francene,Rebeca.Francene@yopmail.com,1945-07-06,White
430,Gale,Sharl,Gale.Sharl@yopmail.com,1978-08-19,Black
431,Vanessa,Dosia,Vanessa.Dosia@yopmail.com,1928-04-25,Green
432,Lily,Tybald,Lily.Tybald@yopmail.com,1990-03-06,White
433,Susan,O'Rourke,Susan.O'Rourke@yopmail.com,1914-04-14,Green
434,Viviene,Rodmann,Viviene.Rodmann@yopmail.com,1964-10-28,Green
435,Zondra,Pacorro,Zondra.Pacorro@yopmail.com,1977-12-04,Blue
436,Hildegaard,Alwin,Hildegaard.Alwin@yopmail.com,1923-07-27,Red
437,Rebeca,Vacuva,Rebeca.Vacuva@yopmail.com,1978-07-30,Black
438,Harmonia,Anis,Harmonia.Anis@yopmail.com,1931-01-02,Green
439,Glenda,Maxi,Glenda.Maxi@yopmail.com,1971-04-08,Black
440,Sonni,Dorothy,Sonni.Dorothy@yopmail.com,1940-09-02,Red
441,Phylis,Delila,Phylis.Delila@yopmail.com,1931-03-17,Black
442,Danny,Leopold,Danny.Leopold@yopmail.com,1942-11-11,Black
443,Chastity,Pitt,Chastity.Pitt@yopmail.com,1953-08-18,White
444,Donnie,Jefferey,Donnie.Jefferey@yopmail.com,1990-08-30,Blue
445,Sophia,Standing,Sophia.Standing@yopmail.com,1939-07-21,White
446,Angela,Anis,Angela.Anis@yopmail.com,2007-03-03,Red
447,Michaelina,Baylor,Michaelina.Baylor@yopmail.com,1991-11-25,Green
448,Stevana,Blake,Stevana.Blake@yopmail.com,1914-05-23,Blue
449,Maurene,Harned,Maurene.Harned@yopmail.com,1913-11-22,Blue
450,Frieda,Berne,Frieda.Berne@yopmail.com,1987-08-20,Black
451,Zondra,Killigrew,Zondra.Killigrew@yopmail.com,1918-07-28,Red
452,Malina,Tice,Malina.Tice@yopmail.com,1913-05-12,Green
453,Bobbi,Ferino,Bobbi.Ferino@yopmail.com,1911-07-09,Black
454,Joy,Annabella,Joy.Annabella@yopmail.com,1938-01-17,Blue
455,Basia,Carri,Basia.Carri@yopmail.com,1982-01-15,Black
456,Andree,Brodench,Andree.Brodench@yopmail.com,1902-10-30,Green
457,Devina,Ralfston,Devina.Ralfston@yopmail.com,1997-10-10,Black
458,Michaelina,Annice,Michaelina.Annice@yopmail.com,2014-03-11,Red
459,Melanie,Harned,Melanie.Harned@yopmail.com,2006-04-13,White
460,Alyda,Krystle,Alyda.Krystle@yopmail.com,1932-11-02,Red
461,Alameda,Fredi,Alameda.Fredi@yopmail.com,1970-08-30,Blue
462,Lucille,Havens,Lucille.Havens@yopmail.com,1958-05-01,Red
463,Jordan,Elisha,Jordan.Elisha@yopmail.com,1906-09-12,Green
464,Meg,Trey,Meg.Trey@yopmail.com,2016-11-13,Black
465,Marita,Elsinore,Marita.Elsinore@yopmail.com,1905-09-09,Black
466,Iseabal,Ardra,Iseabal.Ardra@yopmail.com,2004-04-23,Black
467,Molli,Haerr,Molli.Haerr@yopmail.com,1953-08-22,Blue
468,Aimil,Parsaye,Aimil.Parsaye@yopmail.com,1915-12-18,Red
469,Di,Darbie,Di.Darbie@yopmail.com,1929-07-31,White
470,Kelly,Erich,Kelly.Erich@yopmail.com,1909-08-08,White
471,Mallory,Carmena,Mallory.Carmena@yopmail.com,1935-11-21,Red
472,Shandie,Martguerita,Shandie.Martguerita@yopmail.com,1909-06-24,Blue
473,Celisse,McGrody,Celisse.McGrody@yopmail.com,2017-08-20,Black
474,Fernande,Bebe,Fernande.Bebe@yopmail.com,2005-02-09,Black
475,Sam,Claudine,Sam.Claudine@yopmail.com,1912-12-11,Blue
476,Cassondra,Fredi,Cassondra.Fredi@yopmail.com,1941-07-22,White
477,Queenie,Trace,Queenie.Trace@yopmail.com,1918-07-15,White
478,Cordi,Curren,Cordi.Curren@yopmail.com,1943-05-12,White
479,Ginnie,Stefa,Ginnie.Stefa@yopmail.com,1967-11-24,Red
480,Elyssa,Heisel,Elyssa.Heisel@yopmail.com,1949-06-09,Black
481,Berta,Kaja,Berta.Kaja@yopmail.com,1945-07-21,Red
482,Demetris,Secrest,Demetris.Secrest@yopmail.com,2017-11-09,Blue
483,Alie,Liebermann,Alie.Liebermann@yopmail.com,1929-05-02,Red
484,Babita,Genna,Babita.Genna@yopmail.com,2014-10-31,Black
485,Valeda,Sibyls,Valeda.Sibyls@yopmail.com,1979-06-04,Blue
486,Rhea,Ophelia,Rhea.Ophelia@yopmail.com,1981-03-21,Black
487,Angelique,Llovera,Angelique.Llovera@yopmail.com,1956-11-18,White
488,Willetta,Maroney,Willetta.Maroney@yopmail.com,1937-10-02,Black
489,Dawn,Jalbert,Dawn.Jalbert@yopmail.com,1908-06-03,Green
490,Fanny,Eldrid,Fanny.Eldrid@yopmail.com,1939-11-07,Green
491,Kathy,Even,Kathy.Even@yopmail.com,1937-12-31,White
492,Daryl,Linskey,Daryl.Linskey@yopmail.com,1986-06-11,Black
493,Starla,Norrie,Starla.Norrie@yopmail.com,1938-07-31,Black
494,Tamqrah,Kathie,Tamqrah.Kathie@yopmail.com,1974-03-27,Blue
495,Juliane,Sallyann,Juliane.Sallyann@yopmail.com,1945-12-06,White
496,Willetta,Cadmar,Willetta.Cadmar@yopmail.com,1900-03-08,White
497,Latisha,Sigfrid,Latisha.Sigfrid@yopmail.com,1923-11-30,Black
498,Cristabel,Douglass,Cristabel.Douglass@yopmail.com,1939-09-15,Blue
499,Kate,Lymann,Kate.Lymann@yopmail.com,1959-11-14,Red
500,Nita,Zachary,Nita.Zachary@yopmail.com,1902-07-01,Black
501,Nonnah,Vernier,Nonnah.Vernier@yopmail.com,1929-05-13,Blue
502,Karolina,Allina,Karolina.Allina@yopmail.com,1999-04-03,Red
503,Bill,Avi,Bill.Avi@yopmail.com,1910-01-21,Blue
504,Kate,Diogenes,Kate.Diogenes@yopmail.com,2004-05-22,Blue
505,Lisette,Linehan,Lisette.Linehan@yopmail.com,1913-03-17,White
506,Nessie,Avi,Nessie.Avi@yopmail.com,1975-12-16,Black
507,Jenda,Lucienne,Jenda.Lucienne@yopmail.com,2007-06-23,Blue
508,Lanna,Rozanna,Lanna.Rozanna@yopmail.com,1961-11-20,Red
509,Alie,Thar,Alie.Thar@yopmail.com,1933-07-21,Blue
510,Eve,Irmine,Eve.Irmine@yopmail.com,1985-11-18,White
511,Rivalee,Lunsford,Rivalee.Lunsford@yopmail.com,1907-09-23,White
512,Alejandra,Garek,Alejandra.Garek@yopmail.com,1926-04-18,Black
513,Yetty,Colp,Yetty.Colp@yopmail.com,2009-05-14,Red
514,Binny,Orpah,Binny.Orpah@yopmail.com,1960-02-23,White
515,Jsandye,Swanhildas,Jsandye.Swanhildas@yopmail.com,2017-04-26,Blue
516,Cassandra,Nicoline,Cassandra.Nicoline@yopmail.com,1900-03-07,Green
517,Cissiee,Winnick,Cissiee.Winnick@yopmail.com,2010-03-01,Green
518,Elie,Maxi,Elie.Maxi@yopmail.com,1914-07-11,Red
519,Johna,Stefa,Johna.Stefa@yopmail.com,1998-02-07,Blue
520,Lonnie,Kussell,Lonnie.Kussell@yopmail.com,1984-05-27,Green
521,Lorenza,Kress,Lorenza.Kress@yopmail.com,1929-05-29,Red
522,Ann-Marie,Anselmi,Ann-Marie.Anselmi@yopmail.com,1953-01-24,Red
523,Ardeen,Saunderson,Ardeen.Saunderson@yopmail.com,1946-02-16,Black
524,Melisent,Wadell,Melisent.Wadell@yopmail.com,1988-01-19,Blue
525,Codie,Podvin,Codie.Podvin@yopmail.com,1966-06-01,White
526,Dulcinea,Lynn,Dulcinea.Lynn@yopmail.com,1938-01-13,Black
527,Flory,Dannye,Flory.Dannye@yopmail.com,1901-09-14,Red
528,Andree,Hurley,Andree.Hurley@yopmail.com,1955-04-25,Green
529,Blake,Morrill,Blake.Morrill@yopmail.com,2005-04-28,Green
530,Paola,Hillel,Paola.Hillel@yopmail.com,1938-11-25,Red
531,Mariann,Mich,Mariann.Mich@yopmail.com,1974-11-14,Green
532,Jerry,Hepsibah,Jerry.Hepsibah@yopmail.com,1964-08-24,Red
533,Ezmeralda,Jeanne,Ezmeralda.Jeanne@yopmail.com,1910-07-05,Red
534,Merry,Dreda,Merry.Dreda@yopmail.com,1943-06-19,Green
535,Bobbi,Waite,Bobbi.Waite@yopmail.com,1918-02-11,Blue
536,Regina,Zachary,Regina.Zachary@yopmail.com,1901-03-20,Blue
537,Edee,Lutero,Edee.Lutero@yopmail.com,1950-04-07,Blue
538,Quintina,Liva,Quintina.Liva@yopmail.com,2015-01-06,Red
539,Dale,Shirberg,Dale.Shirberg@yopmail.com,1997-04-29,Red
540,Maisey,Corilla,Maisey.Corilla@yopmail.com,1911-03-22,Red
541,Alisha,Hubert,Alisha.Hubert@yopmail.com,2008-07-08,Red
542,Alyda,Euridice,Alyda.Euridice@yopmail.com,2009-11-01,Black
543,Camile,Dom,Camile.Dom@yopmail.com,1946-02-14,Black
544,Emmey,Alisia,Emmey.Alisia@yopmail.com,1910-10-25,Black
545,Ninnetta,Velick,Ninnetta.Velick@yopmail.com,2001-12-15,White
546,Camile,Ventre,Camile.Ventre@yopmail.com,1972-01-04,White
547,Vonny,Delacourt,Vonny.Delacourt@yopmail.com,1967-05-01,Black
548,Sue,Roscoe,Sue.Roscoe@yopmail.com,1944-11-19,White
549,Miquela,Susannah,Miquela.Susannah@yopmail.com,1946-11-18,Blue
550,Wanda,Carmena,Wanda.Carmena@yopmail.com,1993-10-19,White
551,Jsandye,Doig,Jsandye.Doig@yopmail.com,2010-03-14,White
552,Brietta,Edvard,Brietta.Edvard@yopmail.com,1928-08-31,Red
553,Elbertina,Toffic,Elbertina.Toffic@yopmail.com,1970-05-28,Red
554,Wynne,Aurelio,Wynne.Aurelio@yopmail.com,1931-10-24,Green
555,Bernie,Deegan,Bernie.Deegan@yopmail.com,1965-06-18,Black
556,Catrina,Knowling,Catrina.Knowling@yopmail.com,1942-05-26,Green
557,Rosanne,Keily,Rosanne.Keily@yopmail.com,1938-03-27,Red
558,Kalina,Juliet,Kalina.Juliet@yopmail.com,1931-01-20,Black
559,Leeanne,Even,Leeanne.Even@yopmail.com,1983-07-23,Red
560,Ketti,Gibbeon,Ketti.Gibbeon@yopmail.com,1961-12-07,Black
561,Tori,Cordi,Tori.Cordi@yopmail.com,2006-02-21,Red
562,Justinn,Cherianne,Justinn.Cherianne@yopmail.com,1926-12-25,White
563,Carlie,Hazlett,Carlie.Hazlett@yopmail.com,1912-09-03,Blue
564,Cyndie,Argus,Cyndie.Argus@yopmail.com,1900-08-24,Black
565,Jenilee,Bartlett,Jenilee.Bartlett@yopmail.com,1966-10-28,White
566,Annabela,Lenny,Annabela.Lenny@yopmail.com,1916-10-25,Red
567,Lolita,Phyllis,Lolita.Phyllis@yopmail.com,1965-08-28,Black
568,Joeann,Olympium,Joeann.Olympium@yopmail.com,1903-06-09,Red
569,Jillayne,Pearse,Jillayne.Pearse@yopmail.com,1977-08-16,Black
570,Aurore,Angelis,Aurore.Angelis@yopmail.com,1944-12-02,Green
571,Jenda,Poll,Jenda.Poll@yopmail.com,2016-11-07,Blue
572,Charmaine,Stav,Charmaine.Stav@yopmail.com,1979-09-02,Blue
573,Tybie,Yate,Tybie.Yate@yopmail.com,1923-10-15,White
574,Ira,Fitzsimmons,Ira.Fitzsimmons@yopmail.com,1961-09-27,White
575,Dorothy,Kinnard,Dorothy.Kinnard@yopmail.com,1948-07-03,Black
576,Berget,Gladstone,Berget.Gladstone@yopmail.com,1943-09-09,Black
577,Blondelle,Ventre,Blondelle.Ventre@yopmail.com,1999-05-12,Black
578,Helsa,Raimondo,Helsa.Raimondo@yopmail.com,1944-12-14,Black
579,Jessy,Ardeha,Jessy.Ardeha@yopmail.com,1929-08-24,White
580,Lynnea,Aprile,Lynnea.Aprile@yopmail.com,2009-06-17,Blue
581,Bibby,Tybald,Bibby.Tybald@yopmail.com,1918-10-20,Green
582,Sean,Quinn,Sean.Quinn@yopmail.com,1926-05-18,White
583,Raina,Mehalek,Raina.Mehalek@yopmail.com,1943-09-24,Green
584,Desirae,Jorgan,Desirae.Jorgan@yopmail.com,2012-10-02,Green
585,Renae,Evangelia,Renae.Evangelia@yopmail.com,1966-04-23,White
586,Jemie,Bennie,Jemie.Bennie@yopmail.com,1960-02-24,Green
587,Audrie,Sherfield,Audrie.Sherfield@yopmail.com,1902-04-08,Black
588,Chastity,Payson,Chastity.Payson@yopmail.com,1992-06-14,Blue
589,Tobe,Stevy,Tobe.Stevy@yopmail.com,1919-10-06,Red
590,Ilse,Sikorski,Ilse.Sikorski@yopmail.com,1933-11-20,Red
591,Laure,Rodmann,Laure.Rodmann@yopmail.com,1938-01-31,Red
592,Minne,Suzetta,Minne.Suzetta@yopmail.com,1975-10-15,Black
593,Joane,Yerkovich,Joane.Yerkovich@yopmail.com,1953-07-26,Black
594,Kate,Amethist,Kate.Amethist@yopmail.com,2019-02-06,Black
595,Carilyn,Capello,Carilyn.Capello@yopmail.com,1908-04-23,Blue
596,Britni,Fax,Britni.Fax@yopmail.com,2008-03-25,Black
597,Diena,Fulmer,Diena.Fulmer@yopmail.com,1996-03-02,White
598,Kate,Stephie,Kate.Stephie@yopmail.com,1965-01-27,Blue
599,Alejandra,Kenwood,Alejandra.Kenwood@yopmail.com,1985-05-10,Green
600,Annabela,Slifka,Annabela.Slifka@yopmail.com,1953-06-07,Black
601,Carmencita,Jerald,Carmencita.Jerald@yopmail.com,1989-06-14,White
602,Robinia,Sekofski,Robinia.Sekofski@yopmail.com,1918-10-29,Green
603,Ayn,Turne,Ayn.Turne@yopmail.com,1946-09-17,Black
604,Catharine,Audly,Catharine.Audly@yopmail.com,1981-08-24,Green
605,Nicoli,Trey,Nicoli.Trey@yopmail.com,1934-04-05,Red
606,Britte,Norvol,Britte.Norvol@yopmail.com,1971-12-21,Green
607,Paule,Magnolia,Paule.Magnolia@yopmail.com,2008-04-04,Red
608,Tilly,Fontana,Tilly.Fontana@yopmail.com,1999-10-19,Black
609,Marylou,O'Carroll,Marylou.O'Carroll@yopmail.com,1908-02-10,Green
610,Courtnay,Narton,Courtnay.Narton@yopmail.com,1984-10-29,Red
611,Dominga,Gavrila,Dominga.Gavrila@yopmail.com,1958-05-04,White
612,Althea,MacIntosh,Althea.MacIntosh@yopmail.com,1967-12-04,Green
613,Shannah,Chapland,Shannah.Chapland@yopmail.com,2006-04-12,Blue
614,Ariela,Yusuk,Ariela.Yusuk@yopmail.com,2013-04-13,Green
615,Wileen,Demitria,Wileen.Demitria@yopmail.com,1927-03-15,Red
616,Latisha,Vilma,Latisha.Vilma@yopmail.com,1923-07-06,Black
617,Misha,Wiener,Misha.Wiener@yopmail.com,1937-07-25,Blue
618,Lacie,Adore,Lacie.Adore@yopmail.com,1979-04-09,Black
619,Raf,McGrody,Raf.McGrody@yopmail.com,1942-04-09,Black
620,Hildegaard,Sigfrid,Hildegaard.Sigfrid@yopmail.com,1919-05-30,Green
621,Kathy,Kaete,Kathy.Kaete@yopmail.com,1983-09-18,Red
622,Sybille,Dash,Sybille.Dash@yopmail.com,1988-05-06,White
623,Cassondra,Raama,Cassondra.Raama@yopmail.com,1927-05-13,Blue
624,Aigneis,Zrike,Aigneis.Zrike@yopmail.com,1954-04-03,Green
625,Kary,Clara,Kary.Clara@yopmail.com,2004-08-15,Green
626,Melanie,Kronfeld,Melanie.Kronfeld@yopmail.com,2010-12-17,Green
627,Quintina,Izaak,Quintina.Izaak@yopmail.com,1930-02-09,White
628,Jsandye,Korey,Jsandye.Korey@yopmail.com,2008-08-30,Blue
629,Alia,Evangelia,Alia.Evangelia@yopmail.com,2002-07-18,Black
630,Blondelle,Aldric,Blondelle.Aldric@yopmail.com,2017-02-24,Blue
631,Joane,MacIntosh,Joane.MacIntosh@yopmail.com,2015-09-11,White
632,Rhea,Xerxes,Rhea.Xerxes@yopmail.com,1925-12-20,Red
633,Kalina,Magdalen,Kalina.Magdalen@yopmail.com,2007-10-22,Red
634,Nicoli,Elephus,Nicoli.Elephus@yopmail.com,1932-02-09,Green
635,Anestassia,Sawtelle,Anestassia.Sawtelle@yopmail.com,2018-05-23,Green
636,Imojean,Hurley,Imojean.Hurley@yopmail.com,1939-04-03,Blue
637,Minne,Lytton,Minne.Lytton@yopmail.com,1954-12-21,Black
638,Tera,Himelman,Tera.Himelman@yopmail.com,1961-01-20,Red
639,Madalyn,Linehan,Madalyn.Linehan@yopmail.com,1930-08-11,Blue
640,Melodie,Kat,Melodie.Kat@yopmail.com,1987-08-03,White
641,Mamie,Holbrook,Mamie.Holbrook@yopmail.com,1954-09-13,Green
642,Edith,Seumas,Edith.Seumas@yopmail.com,1970-07-25,Black
643,Kirbee,Malanie,Kirbee.Malanie@yopmail.com,1900-08-30,Black
644,Cherrita,Halsey,Cherrita.Halsey@yopmail.com,1964-03-18,Red
645,Aeriela,Barney,Aeriela.Barney@yopmail.com,1942-03-27,Green
646,Nita,Hessler,Nita.Hessler@yopmail.com,1928-06-28,Blue
647,Tybie,Fontana,Tybie.Fontana@yopmail.com,1990-08-30,Blue
648,Anthia,Florina,Anthia.Florina@yopmail.com,2012-07-01,Red
649,Bettine,Rad,Bettine.Rad@yopmail.com,1940-05-11,White
650,Arabel,Doig,Arabel.Doig@yopmail.com,1930-08-11,White
651,Rosanne,Pyle,Rosanne.Pyle@yopmail.com,1957-01-26,Red
652,Sam,Schwejda,Sam.Schwejda@yopmail.com,2010-05-02,Red
653,Maurene,Atonsah,Maurene.Atonsah@yopmail.com,1914-02-18,Blue
654,Dale,Pettiford,Dale.Pettiford@yopmail.com,1911-05-17,Green
655,Concettina,Merriott,Concettina.Merriott@yopmail.com,1992-02-06,Green
656,Romona,Carbo,Romona.Carbo@yopmail.com,1957-02-15,White
657,Britni,Sherrie,Britni.Sherrie@yopmail.com,1988-11-30,Blue
658,Phylis,Allys,Phylis.Allys@yopmail.com,2018-03-18,Black
659,Jessy,Clie,Jessy.Clie@yopmail.com,1958-07-17,Green
660,Lorie,Swigart,Lorie.Swigart@yopmail.com,1963-04-09,Black
661,Sean,Charmine,Sean.Charmine@yopmail.com,2013-05-29,Green
662,Collen,Ax,Collen.Ax@yopmail.com,2009-03-30,White
663,Cissiee,Urania,Cissiee.Urania@yopmail.com,1989-09-24,Black
664,Dawn,Vilma,Dawn.Vilma@yopmail.com,2013-07-23,Black
665,Elbertina,Monaco,Elbertina.Monaco@yopmail.com,1969-12-29,Green
666,Charmaine,Konyn,Charmaine.Konyn@yopmail.com,1933-11-06,Blue
667,Clo,Weide,Clo.Weide@yopmail.com,1924-06-11,Green
668,Ernesta,Sekofski,Ernesta.Sekofski@yopmail.com,1959-01-17,Green
669,Tori,Bennie,Tori.Bennie@yopmail.com,1916-05-07,White
670,Aili,Verger,Aili.Verger@yopmail.com,1996-06-12,White
671,Corry,Dudley,Corry.Dudley@yopmail.com,1972-08-04,Green
672,Oona,Stuart,Oona.Stuart@yopmail.com,2015-03-22,Red
673,Orsola,Barbey,Orsola.Barbey@yopmail.com,1916-01-17,Red
674,Annabela,Juliet,Annabela.Juliet@yopmail.com,1916-09-04,Blue
675,Alyda,Lilas,Alyda.Lilas@yopmail.com,1979-07-03,Green
676,Ernesta,Gamaliel,Ernesta.Gamaliel@yopmail.com,2011-11-14,Black
677,Lesly,Talia,Lesly.Talia@yopmail.com,1956-02-02,White
678,Doro,Phi,Doro.Phi@yopmail.com,1953-06-15,Black
679,Drucie,Cristi,Drucie.Cristi@yopmail.com,2003-02-15,Blue
680,Elise,Corilla,Elise.Corilla@yopmail.com,2011-12-06,Green
681,Dulce,Giff,Dulce.Giff@yopmail.com,2015-10-23,Red
682,Zsa Zsa,Wenda,Zsa Zsa.Wenda@yopmail.com,1906-12-19,Red
683,Gerianna,Woodberry,Gerianna.Woodberry@yopmail.com,1903-04-19,Blue
684,Bernie,Maisey,Bernie.Maisey@yopmail.com,1931-12-24,Green
685,Ofilia,Kaete,Ofilia.Kaete@yopmail.com,1972-12-28,White
686,Ellette,Brittani,Ellette.Brittani@yopmail.com,1924-01-11,White
687,Sue,Koehler,Sue.Koehler@yopmail.com,1907-07-31,Red
688,Nataline,Nerita,Nataline.Nerita@yopmail.com,1979-01-27,Red
689,Ardys,Rugen,Ardys.Rugen@yopmail.com,1974-03-02,Red
690,Nananne,Sasnett,Nananne.Sasnett@yopmail.com,2018-03-14,Red
691,Perry,Rudolph,Perry.Rudolph@yopmail.com,1953-12-11,White
692,Lita,Darian,Lita.Darian@yopmail.com,1962-12-06,Blue
693,Dyann,Gualtiero,Dyann.Gualtiero@yopmail.com,2015-03-19,Blue
694,Cassandra,Janith,Cassandra.Janith@yopmail.com,1994-03-08,Black
695,Agnese,Fabiola,Agnese.Fabiola@yopmail.com,1966-03-13,Blue
696,Joy,Olin,Joy.Olin@yopmail.com,1971-11-23,Green
697,Louella,Lareena,Louella.Lareena@yopmail.com,2008-05-04,Black
698,Damaris,Penelopa,Damaris.Penelopa@yopmail.com,1922-09-26,Green
699,Annora,Jacqui,Annora.Jacqui@yopmail.com,1935-09-25,Green
700,Blondelle,Zuzana,Blondelle.Zuzana@yopmail.com,1962-11-29,Red
701,Claresta,Gert,Claresta.Gert@yopmail.com,2006-06-27,Green
702,Sharai,Brandice,Sharai.Brandice@yopmail.com,1947-04-19,Black
703,Sibella,Millda,Sibella.Millda@yopmail.com,1902-02-09,Blue
704,Micheline,Carmena,Micheline.Carmena@yopmail.com,1962-12-10,Blue
705,Libbie,Thornburg,Libbie.Thornburg@yopmail.com,1995-04-21,Green
706,Josephine,Karna,Josephine.Karna@yopmail.com,1974-03-18,White
707,Emma,Elisha,Emma.Elisha@yopmail.com,2003-03-15,Red
708,Philis,Burkle,Philis.Burkle@yopmail.com,2016-05-14,Green
709,Bertine,Yam,Bertine.Yam@yopmail.com,1902-10-15,White
710,Rani,Sherrie,Rani.Sherrie@yopmail.com,1977-04-20,Red
711,Frances,Harriman,Frances.Harriman@yopmail.com,2015-10-17,Red
712,Fernande,Pyle,Fernande.Pyle@yopmail.com,1990-09-21,Black
713,Beth,Dearborn,Beth.Dearborn@yopmail.com,1995-02-20,Green
714,Cam,Rogerio,Cam.Rogerio@yopmail.com,1925-01-19,Green
715,Doralynne,Ogren,Doralynne.Ogren@yopmail.com,1982-09-29,White
716,Tybie,Thornburg,Tybie.Thornburg@yopmail.com,1904-08-25,Blue
717,Ekaterina,Schonfeld,Ekaterina.Schonfeld@yopmail.com,1904-08-12,Black
718,Antonietta,Ruvolo,Antonietta.Ruvolo@yopmail.com,1994-08-06,White
719,Farrah,Kannry,Farrah.Kannry@yopmail.com,2012-11-14,Green
720,Dacia,Hebner,Dacia.Hebner@yopmail.com,1940-01-10,Black
721,Laurene,Schalles,Laurene.Schalles@yopmail.com,1999-11-10,Blue
722,Blake,Francene,Blake.Francene@yopmail.com,1971-06-11,Green
723,Susan,Dunkin,Susan.Dunkin@yopmail.com,1934-01-24,Green
724,Sara-Ann,Wareing,Sara-Ann.Wareing@yopmail.com,1924-04-04,Green
725,Silvana,Laurianne,Silvana.Laurianne@yopmail.com,1998-06-12,Blue
726,Tybie,Kaete,Tybie.Kaete@yopmail.com,1953-05-07,Blue
727,Sharlene,Lissi,Sharlene.Lissi@yopmail.com,1902-12-05,Green
728,Cherrita,Codding,Cherrita.Codding@yopmail.com,2004-02-03,White
729,Vonny,Ursulette,Vonny.Ursulette@yopmail.com,1925-09-21,White
730,Ursulina,Israeli,Ursulina.Israeli@yopmail.com,1969-08-02,Blue
731,Ashlee,Cecile,Ashlee.Cecile@yopmail.com,1951-04-23,Black
732,Georgetta,Brenn,Georgetta.Brenn@yopmail.com,1922-09-10,Black
733,Ilse,Shaver,Ilse.Shaver@yopmail.com,1924-04-11,Green
734,Sandie,Stevy,Sandie.Stevy@yopmail.com,1915-04-02,Red
735,Gusella,Pillsbury,Gusella.Pillsbury@yopmail.com,1907-10-14,Blue
736,Anestassia,Niccolo,Anestassia.Niccolo@yopmail.com,1979-05-20,Red
737,Sam,Millda,Sam.Millda@yopmail.com,1928-04-29,Blue
738,Anestassia,Nea,Anestassia.Nea@yopmail.com,1906-02-03,Red
739,Jsandye,Destinee,Jsandye.Destinee@yopmail.com,1906-02-26,White
740,Lonnie,Odysseus,Lonnie.Odysseus@yopmail.com,1916-08-24,Blue
741,Tani,Leler,Tani.Leler@yopmail.com,1931-03-10,Blue
742,Aigneis,Dielu,Aigneis.Dielu@yopmail.com,1987-06-19,Blue
743,Kaja,Huggins,Kaja.Huggins@yopmail.com,1947-04-30,Green
744,Gerianna,Belanger,Gerianna.Belanger@yopmail.com,1929-08-05,White
745,Brooks,Camden,Brooks.Camden@yopmail.com,1967-04-27,White
746,Carly,Shuler,Carly.Shuler@yopmail.com,1993-06-13,Blue
747,Deedee,Clywd,Deedee.Clywd@yopmail.com,2001-07-14,Black
748,Nataline,Pip,Nataline.Pip@yopmail.com,2016-09-20,Green
749,Felice,Trace,Felice.Trace@yopmail.com,1910-09-17,White
750,Mariele,Myrilla,Mariele.Myrilla@yopmail.com,1916-12-31,White
751,Rayna,Helfand,Rayna.Helfand@yopmail.com,1971-02-07,Black
752,Lulita,Bonucci,Lulita.Bonucci@yopmail.com,1958-01-01,White
753,Dacia,Fleeta,Dacia.Fleeta@yopmail.com,1912-12-08,Red
754,Kara-Lynn,Cherianne,Kara-Lynn.Cherianne@yopmail.com,2010-11-30,Green
755,Shandie,Hessler,Shandie.Hessler@yopmail.com,1951-09-18,White
756,Lorne,Curren,Lorne.Curren@yopmail.com,1948-10-29,Red
757,Laure,Oneida,Laure.Oneida@yopmail.com,1997-12-29,White
758,Marleah,Olin,Marleah.Olin@yopmail.com,1930-05-24,Blue
759,Chickie,Evangelia,Chickie.Evangelia@yopmail.com,1941-03-24,White
760,Aimil,Blisse,Aimil.Blisse@yopmail.com,2014-02-13,Green
761,Felice,Suanne,Felice.Suanne@yopmail.com,2016-09-09,Blue
762,Brana,Natalia,Brana.Natalia@yopmail.com,1947-12-06,Green
763,Bibby,Cassius,Bibby.Cassius@yopmail.com,1917-12-05,White
764,Jennica,Oriana,Jennica.Oriana@yopmail.com,1962-03-24,Black
765,Lila,Ephrem,Lila.Ephrem@yopmail.com,1952-05-23,Black
766,Michaelina,Bettine,Michaelina.Bettine@yopmail.com,1988-05-10,Blue
767,Fredericka,Florina,Fredericka.Florina@yopmail.com,1991-04-18,Green
768,Kayla,Catie,Kayla.Catie@yopmail.com,1934-02-11,Blue
769,Lonnie,Faust,Lonnie.Faust@yopmail.com,1969-09-25,Black
770,Almeta,Bibi,Almeta.Bibi@yopmail.com,1940-11-09,Black
771,Amelia,Gusella,Amelia.Gusella@yopmail.com,1919-11-05,White
772,Jere,Parsaye,Jere.Parsaye@yopmail.com,1952-12-12,Red
773,Heddie,Kermit,Heddie.Kermit@yopmail.com,1920-03-26,Green
774,Blake,Reneta,Blake.Reneta@yopmail.com,1924-12-30,Blue
775,Alie,Lilybelle,Alie.Lilybelle@yopmail.com,1916-11-02,Green
776,Marylou,Zachary,Marylou.Zachary@yopmail.com,1940-08-13,Green
777,Georgetta,Lumbard,Georgetta.Lumbard@yopmail.com,1923-11-24,Red
778,Dolli,Frendel,Dolli.Frendel@yopmail.com,2014-02-13,Blue
779,Ericka,Alisia,Ericka.Alisia@yopmail.com,1998-01-09,White
780,Roseline,Yam,Roseline.Yam@yopmail.com,1935-06-14,Green
781,Cissiee,Kenney,Cissiee.Kenney@yopmail.com,1967-07-28,Green
782,Bernie,Boehike,Bernie.Boehike@yopmail.com,1933-11-04,Blue
783,Kerrin,Genna,Kerrin.Genna@yopmail.com,1903-09-04,Blue
784,Rebeca,Darian,Rebeca.Darian@yopmail.com,1953-08-05,White
785,Karena,Elephus,Karena.Elephus@yopmail.com,1976-10-13,Green
786,Paulita,Elsinore,Paulita.Elsinore@yopmail.com,1983-01-01,White
787,Meriel,Hashim,Meriel.Hashim@yopmail.com,1987-07-18,Red
788,Henriette,Lymann,Henriette.Lymann@yopmail.com,1995-03-20,Green
789,Yvonne,Zamora,Yvonne.Zamora@yopmail.com,1952-02-05,White
790,Amara,Whittaker,Amara.Whittaker@yopmail.com,1944-06-04,Blue
791,Elora,Constancy,Elora.Constancy@yopmail.com,1963-05-05,Red
792,Ida,Holbrook,Ida.Holbrook@yopmail.com,1912-08-13,White
793,Phedra,Mintz,Phedra.Mintz@yopmail.com,2005-05-30,White
794,Ellette,Bebe,Ellette.Bebe@yopmail.com,1963-03-06,Red
795,Mara,Barney,Mara.Barney@yopmail.com,1910-08-10,Green
796,Britte,Iiette,Britte.Iiette@yopmail.com,1956-03-26,Black
797,Margarette,Middleton,Margarette.Middleton@yopmail.com,1900-10-07,White
798,Sarette,Hebner,Sarette.Hebner@yopmail.com,2004-03-16,Green
799,Letizia,Minetta,Letizia.Minetta@yopmail.com,1989-02-23,Green
800,Viki,LaRue,Viki.LaRue@yopmail.com,1975-06-20,Blue
801,Agathe,Janith,Agathe.Janith@yopmail.com,1966-01-29,Green
802,Cacilie,Neils,Cacilie.Neils@yopmail.com,1903-07-16,Blue
803,Etta,Terrence,Etta.Terrence@yopmail.com,1913-03-06,White
804,Malina,Rocray,Malina.Rocray@yopmail.com,1928-10-20,Black
805,Amalie,Fillbert,Amalie.Fillbert@yopmail.com,1931-08-02,Red
806,Dolli,Khorma,Dolli.Khorma@yopmail.com,1939-12-31,White
807,Renae,Othilia,Renae.Othilia@yopmail.com,1950-02-27,Green
808,Hermione,Sherrie,Hermione.Sherrie@yopmail.com,1950-10-19,Red
809,Aurore,Dom,Aurore.Dom@yopmail.com,1906-11-22,Red
810,Frank,Dash,Frank.Dash@yopmail.com,1998-04-07,White
811,Ana,Cavan,Ana.Cavan@yopmail.com,1905-01-29,Red
812,Marnia,Bates,Marnia.Bates@yopmail.com,1935-07-31,Blue
813,Beverley,Hunfredo,Beverley.Hunfredo@yopmail.com,1952-09-12,Green
814,Tori,Santoro,Tori.Santoro@yopmail.com,1948-05-22,Red
815,Christian,Abernon,Christian.Abernon@yopmail.com,1940-09-26,Blue
816,Fawne,Margret,Fawne.Margret@yopmail.com,1912-07-15,White
817,Adelle,Munn,Adelle.Munn@yopmail.com,1968-07-13,White
818,Roslyn,Creamer,Roslyn.Creamer@yopmail.com,1990-05-09,White
819,Cathyleen,Cordi,Cathyleen.Cordi@yopmail.com,1971-09-06,Blue
820,Flo,Stanwood,Flo.Stanwood@yopmail.com,2001-12-09,Green
821,Iseabal,Cleavland,Iseabal.Cleavland@yopmail.com,1970-12-23,Blue
822,Pollyanna,Belldas,Pollyanna.Belldas@yopmail.com,1974-01-28,Red
823,Rori,Chandler,Rori.Chandler@yopmail.com,1927-10-11,White
824,Sara-Ann,Chabot,Sara-Ann.Chabot@yopmail.com,2000-11-10,Black
825,Melisent,Haldas,Melisent.Haldas@yopmail.com,2007-07-24,Blue
826,Riannon,Neva,Riannon.Neva@yopmail.com,1998-07-02,Blue
827,Addia,Reidar,Addia.Reidar@yopmail.com,1988-09-23,Black
828,Jacenta,Andrel,Jacenta.Andrel@yopmail.com,1940-10-20,Black
829,Nananne,Slifka,Nananne.Slifka@yopmail.com,2003-10-07,Blue
830,Lily,Cynar,Lily.Cynar@yopmail.com,1998-08-07,White
831,June,Haldas,June.Haldas@yopmail.com,2016-03-03,Black
832,Molli,Rustice,Molli.Rustice@yopmail.com,1939-12-13,Blue
833,Tera,Gualtiero,Tera.Gualtiero@yopmail.com,1968-07-18,White
834,Patricia,Gale,Patricia.Gale@yopmail.com,1927-11-24,Green
835,Kimmy,Johnsson,Kimmy.Johnsson@yopmail.com,1972-07-11,Black
836,Candy,Chobot,Candy.Chobot@yopmail.com,1980-12-14,Blue
837,Danika,Peonir,Danika.Peonir@yopmail.com,1918-08-17,Green
838,Kristina,Madox,Kristina.Madox@yopmail.com,1985-05-31,Blue
839,Maud,Kermit,Maud.Kermit@yopmail.com,1962-01-18,White
840,Pierette,Israeli,Pierette.Israeli@yopmail.com,1948-04-10,Green
841,Sam,Leifeste,Sam.Leifeste@yopmail.com,1950-08-20,Blue
842,Delilah,Dermott,Delilah.Dermott@yopmail.com,1912-02-13,Green
843,Daune,Audly,Daune.Audly@yopmail.com,1957-10-05,Black
844,Fanny,Barrus,Fanny.Barrus@yopmail.com,1913-11-17,White
845,Georgetta,Rolf,Georgetta.Rolf@yopmail.com,1992-01-01,Green
846,Danny,McClimans,Danny.McClimans@yopmail.com,2011-01-14,White
847,Emma,Kress,Emma.Kress@yopmail.com,1977-06-17,Red
848,Celene,Orpah,Celene.Orpah@yopmail.com,1900-02-12,Black
849,Ekaterina,Clara,Ekaterina.Clara@yopmail.com,1961-05-16,Blue
850,Tersina,Faust,Tersina.Faust@yopmail.com,1956-08-28,Blue
851,Bobbi,Sheng,Bobbi.Sheng@yopmail.com,1933-09-29,Red
852,Kathi,Grobe,Kathi.Grobe@yopmail.com,1921-04-10,Blue
853,Maryellen,Durware,Maryellen.Durware@yopmail.com,2000-08-08,Blue
854,Clementine,McGrody,Clementine.McGrody@yopmail.com,1970-06-06,Green
855,Fanchon,Mathilde,Fanchon.Mathilde@yopmail.com,1984-11-06,Red
856,Nannie,Brunell,Nannie.Brunell@yopmail.com,1919-04-13,Green
857,Betta,Rosemary,Betta.Rosemary@yopmail.com,1978-01-29,Red
858,Katharina,Pernick,Katharina.Pernick@yopmail.com,2006-04-09,Green
859,Lolita,Jalbert,Lolita.Jalbert@yopmail.com,1925-06-18,Blue
860,Sara-Ann,Sammons,Sara-Ann.Sammons@yopmail.com,1988-03-13,Blue
861,Camile,Hedve,Camile.Hedve@yopmail.com,1927-09-25,Blue
862,Fanchon,Ventre,Fanchon.Ventre@yopmail.com,2000-09-08,Black
863,Ira,Maryanne,Ira.Maryanne@yopmail.com,1998-04-18,Green
864,Halette,Rillings,Halette.Rillings@yopmail.com,1915-11-01,White
865,Brandise,Shirberg,Brandise.Shirberg@yopmail.com,1970-06-17,White
866,Ashlee,Papageno,Ashlee.Papageno@yopmail.com,1914-11-19,White
867,Phylis,Alarise,Phylis.Alarise@yopmail.com,2018-10-13,Red
868,Elvira,Tiffa,Elvira.Tiffa@yopmail.com,1970-09-07,Red
869,Alameda,Kravits,Alameda.Kravits@yopmail.com,1974-08-04,Blue
870,Drucie,Lory,Drucie.Lory@yopmail.com,1962-12-26,Black
871,Courtnay,Damarra,Courtnay.Damarra@yopmail.com,1964-08-02,Blue
872,Fidelia,Carlson,Fidelia.Carlson@yopmail.com,1970-03-15,Red
873,Dorice,Dyche,Dorice.Dyche@yopmail.com,1913-08-31,Blue
874,Perry,Plato,Perry.Plato@yopmail.com,1904-07-23,Red
875,Dede,Malanie,Dede.Malanie@yopmail.com,1904-12-27,Black
876,Isa,Tamsky,Isa.Tamsky@yopmail.com,1997-12-01,Red
877,Cam,Deegan,Cam.Deegan@yopmail.com,1928-05-24,White
878,Judy,Casimir,Judy.Casimir@yopmail.com,1919-06-10,Blue
879,Charlena,Margarete,Charlena.Margarete@yopmail.com,2004-05-25,Green
880,Agathe,Revkah,Agathe.Revkah@yopmail.com,1998-04-28,White
881,Celestyna,Henrie,Celestyna.Henrie@yopmail.com,1994-03-31,White
882,Carilyn,Bennie,Carilyn.Bennie@yopmail.com,2004-05-20,White
883,Bettine,Pierette,Bettine.Pierette@yopmail.com,1996-01-06,White
884,Claresta,Fancie,Claresta.Fancie@yopmail.com,2010-06-29,White
885,Adriana,Whiffen,Adriana.Whiffen@yopmail.com,1975-03-11,Green
886,Shandie,Kare,Shandie.Kare@yopmail.com,1980-07-03,Blue
887,Lorne,Birdella,Lorne.Birdella@yopmail.com,1978-07-28,Black
888,Konstance,Mintz,Konstance.Mintz@yopmail.com,1922-06-28,Red
889,Annabela,Skell,Annabela.Skell@yopmail.com,1986-09-26,Black
890,Edyth,Raul,Edyth.Raul@yopmail.com,1960-04-12,White
891,Lily,Munn,Lily.Munn@yopmail.com,1998-05-02,Green
892,Alexine,Selway,Alexine.Selway@yopmail.com,1935-06-20,Black
893,Karena,Weitman,Karena.Weitman@yopmail.com,2011-08-27,Red
894,Jean,Woodberry,Jean.Woodberry@yopmail.com,1992-05-28,Green
895,Cathyleen,Taam,Cathyleen.Taam@yopmail.com,1938-04-11,Black
896,Lexine,Hathaway,Lexine.Hathaway@yopmail.com,1922-10-12,White
897,Fred,Bebe,Fred.Bebe@yopmail.com,1944-09-16,Black
898,Robbi,Sacken,Robbi.Sacken@yopmail.com,1977-01-23,Blue
899,Consuela,Bettine,Consuela.Bettine@yopmail.com,2002-06-25,Black
900,Almeta,Kiersten,Almeta.Kiersten@yopmail.com,1940-01-06,Black
901,Giustina,Egbert,Giustina.Egbert@yopmail.com,2006-01-11,White
902,Britte,Byrne,Britte.Byrne@yopmail.com,1982-09-12,Black
903,Dulcinea,Donoghue,Dulcinea.Donoghue@yopmail.com,1936-06-07,Red
904,Sam,Nikaniki,Sam.Nikaniki@yopmail.com,1950-08-06,Blue
905,Eve,Hamil,Eve.Hamil@yopmail.com,1985-05-07,Blue
906,Tierney,Hylan,Tierney.Hylan@yopmail.com,2015-09-06,Green
907,Anthia,Rogerio,Anthia.Rogerio@yopmail.com,1921-09-01,White
908,Angela,Huggins,Angela.Huggins@yopmail.com,1945-07-07,White
909,Tybie,Hertzfeld,Tybie.Hertzfeld@yopmail.com,1971-12-09,Blue
910,Merle,Daveta,Merle.Daveta@yopmail.com,2006-01-20,Black
911,Kaia,Camden,Kaia.Camden@yopmail.com,1987-12-22,White
912,Melina,Hoenack,Melina.Hoenack@yopmail.com,2014-12-20,Blue
913,Daune,Burkle,Daune.Burkle@yopmail.com,1928-02-23,Green
914,Henriette,Masao,Henriette.Masao@yopmail.com,2000-01-25,Red
915,Adelle,Carey,Adelle.Carey@yopmail.com,1985-02-10,White
916,Dode,Allina,Dode.Allina@yopmail.com,1990-03-27,Red
917,Susette,Verger,Susette.Verger@yopmail.com,2010-09-23,Green
918,Raina,Malanie,Raina.Malanie@yopmail.com,1974-01-15,Black
919,Berta,Bord,Berta.Bord@yopmail.com,1934-12-20,White
920,Taffy,Kalinda,Taffy.Kalinda@yopmail.com,1953-05-26,Green
921,Nariko,Koehler,Nariko.Koehler@yopmail.com,1933-11-13,Green
922,Winifred,Sisile,Winifred.Sisile@yopmail.com,1989-04-22,Blue
923,Georgetta,Klemperer,Georgetta.Klemperer@yopmail.com,1925-11-13,Green
924,Dania,Croix,Dania.Croix@yopmail.com,1996-09-09,Red
925,Lory,Mike,Lory.Mike@yopmail.com,1952-07-08,Blue
926,Jillayne,Margarete,Jillayne.Margarete@yopmail.com,1981-12-19,Blue
927,Ana,Hillel,Ana.Hillel@yopmail.com,1952-07-12,White
928,Selia,Baudin,Selia.Baudin@yopmail.com,1994-07-10,Green
929,Hallie,Ciapas,Hallie.Ciapas@yopmail.com,1941-04-07,Blue
930,Jessamyn,Tengdin,Jessamyn.Tengdin@yopmail.com,1902-10-19,Green
931,Trudie,Atonsah,Trudie.Atonsah@yopmail.com,1943-10-11,Red
932,Imojean,Cherianne,Imojean.Cherianne@yopmail.com,2004-08-02,Red
933,Lilith,Cassius,Lilith.Cassius@yopmail.com,1922-08-15,White
934,Celisse,Hedve,Celisse.Hedve@yopmail.com,1919-11-25,Black
935,Talya,Meli,Talya.Meli@yopmail.com,1945-02-25,White
936,Marti,McNully,Marti.McNully@yopmail.com,1917-11-09,White
937,Sadie,Hillel,Sadie.Hillel@yopmail.com,1902-08-28,Red
938,Monika,Etom,Monika.Etom@yopmail.com,1901-06-07,White
939,Emilia,Sikorski,Emilia.Sikorski@yopmail.com,2015-10-14,Black
940,Johna,Gwenore,Johna.Gwenore@yopmail.com,1950-05-16,White
941,Layla,Weinreb,Layla.Weinreb@yopmail.com,1958-06-09,White
942,Kial,Brieta,Kial.Brieta@yopmail.com,1903-11-08,Red
943,Dulce,Adalbert,Dulce.Adalbert@yopmail.com,2000-12-09,White
944,Zia,Sherrie,Zia.Sherrie@yopmail.com,2015-01-18,Blue
945,Emilia,Girardo,Emilia.Girardo@yopmail.com,1946-10-07,Blue
946,Claudina,Rossner,Claudina.Rossner@yopmail.com,1920-10-12,Green
947,Vanessa,Diogenes,Vanessa.Diogenes@yopmail.com,1932-05-07,Red
948,Marline,Love,Marline.Love@yopmail.com,1995-02-11,Green
949,Romona,Eckblad,Romona.Eckblad@yopmail.com,1931-07-05,Red
950,Raquela,Magdalen,Raquela.Magdalen@yopmail.com,1909-06-13,White
951,Annice,Phyllis,Annice.Phyllis@yopmail.com,1984-09-06,White
952,Kenna,Robertson,Kenna.Robertson@yopmail.com,1976-11-11,Blue
953,Gisela,Remmer,Gisela.Remmer@yopmail.com,1937-06-06,Red
954,Lindie,Lutero,Lindie.Lutero@yopmail.com,1928-04-06,Black
955,Tonia,Bryna,Tonia.Bryna@yopmail.com,1970-12-26,Black
956,Kimmy,Dominy,Kimmy.Dominy@yopmail.com,2002-11-14,Black
957,Carree,Melony,Carree.Melony@yopmail.com,2003-11-16,Blue
958,Dianemarie,Mitzi,Dianemarie.Mitzi@yopmail.com,1985-08-27,Blue
959,Damaris,Alva,Damaris.Alva@yopmail.com,1917-01-21,Black
960,Marjie,Killigrew,Marjie.Killigrew@yopmail.com,1933-02-01,White
961,Magdalena,Chobot,Magdalena.Chobot@yopmail.com,1994-12-25,White
962,Halette,Peti,Halette.Peti@yopmail.com,1935-09-02,Black
963,Blake,Fontana,Blake.Fontana@yopmail.com,1916-07-02,Green
964,Sallie,Si,Sallie.Si@yopmail.com,1974-03-09,White
965,Melina,Erb,Melina.Erb@yopmail.com,1941-01-11,Red
966,Elmira,Isacco,Elmira.Isacco@yopmail.com,1942-05-01,Green
967,Minda,Bandeen,Minda.Bandeen@yopmail.com,1927-06-15,Black
968,Dennie,Erb,Dennie.Erb@yopmail.com,1981-03-22,Blue
969,Philis,Sundin,Philis.Sundin@yopmail.com,1985-02-09,Red
970,Roslyn,Ardra,Roslyn.Ardra@yopmail.com,1943-01-09,Blue
971,Bobbi,Flyn,Bobbi.Flyn@yopmail.com,1985-12-15,Red
972,Ninnetta,Ade,Ninnetta.Ade@yopmail.com,1934-08-06,Black
973,Carolina,Faria,Carolina.Faria@yopmail.com,1989-02-07,Red
974,Annaliese,Morehouse,Annaliese.Morehouse@yopmail.com,1918-09-23,White
975,Sadie,Bow,Sadie.Bow@yopmail.com,1947-08-27,Green
976,Orelia,Gladstone,Orelia.Gladstone@yopmail.com,1969-06-25,Black
977,Kaja,Rebecka,Kaja.Rebecka@yopmail.com,2019-09-15,White
978,Aryn,Adalbert,Aryn.Adalbert@yopmail.com,1930-03-03,Blue
979,Janenna,Reinke,Janenna.Reinke@yopmail.com,1979-03-27,Blue
980,Christal,Thunell,Christal.Thunell@yopmail.com,1901-11-29,Red
981,Tatiania,Kylander,Tatiania.Kylander@yopmail.com,1997-02-27,Red
982,Blinni,Creamer,Blinni.Creamer@yopmail.com,1944-11-13,White
983,Etta,Letsou,Etta.Letsou@yopmail.com,1954-11-20,Green
984,Ileana,Pattin,Ileana.Pattin@yopmail.com,2007-08-21,Red
985,Melanie,Frendel,Melanie.Frendel@yopmail.com,2007-12-07,White
986,Judy,Ummersen,Judy.Ummersen@yopmail.com,1993-06-23,Black
987,Nanete,Fontana,Nanete.Fontana@yopmail.com,1962-07-13,Red
988,Janenna,Olin,Janenna.Olin@yopmail.com,1920-12-03,Red
989,Carree,Sacken,Carree.Sacken@yopmail.com,1903-07-23,Red
990,Dulce,Othilia,Dulce.Othilia@yopmail.com,1906-02-14,White
991,Ketti,Baudin,Ketti.Baudin@yopmail.com,1929-09-20,Red
992,Lily,Percy,Lily.Percy@yopmail.com,1993-02-23,White
993,Randa,Grimbly,Randa.Grimbly@yopmail.com,1983-10-29,Red
994,Tera,Sacken,Tera.Sacken@yopmail.com,1942-06-12,Blue
995,Shauna,Woodberry,Shauna.Woodberry@yopmail.com,1986-07-22,Green
996,Jacquetta,Danby,Jacquetta.Danby@yopmail.com,2007-12-23,Red
997,Tina,Mathilde,Tina.Mathilde@yopmail.com,1943-10-08,Red
998,Zsa Zsa,Durante,Zsa Zsa.Durante@yopmail.com,1987-01-14,Red
999,Millie,Riordan,Millie.Riordan@yopmail.com,1984-10-23,White
1000,Clarice,Schwejda,Clarice.Schwejda@yopmail.com,1986-12-30,Red
1001,Cordi,Denis,Cordi.Denis@yopmail.com,1924-02-07,Black
1002,Kenna,Johnsson,Kenna.Johnsson@yopmail.com,1952-01-19,Red
1003,Alyda,Quinn,Alyda.Quinn@yopmail.com,2017-02-16,Black
1004,Candy,Center,Candy.Center@yopmail.com,2002-02-04,Black
1005,Adriana,O'Rourke,Adriana.O'Rourke@yopmail.com,1907-02-22,White
1006,Consuela,Maroney,Consuela.Maroney@yopmail.com,1903-01-05,Green
1007,Georgetta,Oster,Georgetta.Oster@yopmail.com,1965-06-30,Green
1008,Peri,Kylander,Peri.Kylander@yopmail.com,1912-10-27,White
1009,Harrietta,Wattenberg,Harrietta.Wattenberg@yopmail.com,2019-01-04,Blue
1010,Lynea,Dannye,Lynea.Dannye@yopmail.com,1991-06-10,White
1011,Hayley,Morgun,Hayley.Morgun@yopmail.com,1965-08-05,Green
1012,Ofilia,Merriott,Ofilia.Merriott@yopmail.com,1986-06-03,White
1013,Kristina,Brian,Kristina.Brian@yopmail.com,2010-02-03,Blue
1014,Kittie,Freddi,Kittie.Freddi@yopmail.com,1943-03-12,White
1015,Nannie,Ilka,Nannie.Ilka@yopmail.com,1932-11-06,White
1016,Claresta,Pond,Claresta.Pond@yopmail.com,1960-12-01,Blue
1017,Atlanta,LaRue,Atlanta.LaRue@yopmail.com,1970-10-17,Blue
1018,Jaclyn,Stilwell,Jaclyn.Stilwell@yopmail.com,2007-12-05,Red
1019,Leontine,Palocz,Leontine.Palocz@yopmail.com,1923-02-02,Green
1020,Katharina,Alexandr,Katharina.Alexandr@yopmail.com,1968-12-13,Green
1021,Chere,Idelia,Chere.Idelia@yopmail.com,1992-07-27,Green
1022,Madeleine,Girardo,Madeleine.Girardo@yopmail.com,2002-03-08,Green
1023,Shell,Atonsah,Shell.Atonsah@yopmail.com,1981-05-07,White
1024,Karena,Michella,Karena.Michella@yopmail.com,1911-08-11,Red
1025,Clarice,Graig,Clarice.Graig@yopmail.com,1938-01-01,Black
1026,Ira,Cullin,Ira.Cullin@yopmail.com,1946-05-18,Blue
1027,Alexine,Amasa,Alexine.Amasa@yopmail.com,1947-11-09,Red
1028,Hyacinthe,Levey,Hyacinthe.Levey@yopmail.com,1913-06-08,White
1029,Carmencita,Glenden,Carmencita.Glenden@yopmail.com,2000-01-06,Green
1030,Fanchon,Evvie,Fanchon.Evvie@yopmail.com,2007-08-03,Blue
1031,Maud,Robertson,Maud.Robertson@yopmail.com,1930-04-09,Green
1032,Ardys,Havens,Ardys.Havens@yopmail.com,1922-03-06,Green
1033,Gusella,Tayib,Gusella.Tayib@yopmail.com,1995-03-26,Green
1034,Theodora,Marijo,Theodora.Marijo@yopmail.com,1940-07-22,Green
1035,Melanie,Dunkin,Melanie.Dunkin@yopmail.com,1941-09-10,White
1036,Stacey,Tybald,Stacey.Tybald@yopmail.com,1932-11-24,White
1037,June,Annabella,June.Annabella@yopmail.com,1917-04-02,White
1038,Bernie,Germann,Bernie.Germann@yopmail.com,1993-02-11,White
1039,Drucie,Glenden,Drucie.Glenden@yopmail.com,1997-07-05,Green
1040,Alisha,Mata,Alisha.Mata@yopmail.com,1900-06-09,Green
1041,Robinia,Paine,Robinia.Paine@yopmail.com,1927-04-01,Blue
1042,Barbara,Afton,Barbara.Afton@yopmail.com,2008-12-31,Black
1043,Marjie,Klotz,Marjie.Klotz@yopmail.com,1927-12-30,Blue
1044,Myrtice,Old,Myrtice.Old@yopmail.com,1988-12-21,Red
1045,Jacenta,Genna,Jacenta.Genna@yopmail.com,1965-02-21,White
1046,Kathi,Georas,Kathi.Georas@yopmail.com,1936-03-24,Red
1047,Siana,Celestine,Siana.Celestine@yopmail.com,1986-08-23,Blue
1048,June,Constancy,June.Constancy@yopmail.com,1930-07-14,Red
1049,Nelle,Laverne,Nelle.Laverne@yopmail.com,1953-11-03,Red
1050,Blinni,Melleta,Blinni.Melleta@yopmail.com,2010-09-28,Black
1051,Doralynne,Marsden,Doralynne.Marsden@yopmail.com,1952-04-24,Black
1052,Albertina,Sothena,Albertina.Sothena@yopmail.com,2019-12-10,Green
1053,Maye,Loleta,Maye.Loleta@yopmail.com,2018-07-28,Black
1054,Neila,Sasnett,Neila.Sasnett@yopmail.com,1994-03-31,White
1055,Britte,My,Britte.My@yopmail.com,1999-04-22,Black
1056,Sam,Sammons,Sam.Sammons@yopmail.com,1963-03-15,Red
1057,Marti,Tremayne,Marti.Tremayne@yopmail.com,1970-03-31,Blue
1058,Marguerite,Schenck,Marguerite.Schenck@yopmail.com,1952-03-13,Blue
1059,Mara,Ahab,Mara.Ahab@yopmail.com,1944-03-11,Blue
1060,Brana,Magdalen,Brana.Magdalen@yopmail.com,2014-12-16,White
1061,Lulita,Mintz,Lulita.Mintz@yopmail.com,1992-11-07,Red
1062,Mariann,Alarise,Mariann.Alarise@yopmail.com,1953-12-16,Blue
1063,Corina,Evangelia,Corina.Evangelia@yopmail.com,1930-12-16,Red
1064,Mignon,Chinua,Mignon.Chinua@yopmail.com,2015-09-15,Blue
1065,Shel,Pascia,Shel.Pascia@yopmail.com,1953-08-30,Black
1066,Gertrud,Hillel,Gertrud.Hillel@yopmail.com,1991-03-19,Red
1067,Etta,Quinn,Etta.Quinn@yopmail.com,1969-11-25,Green
1068,Gusty,Nadia,Gusty.Nadia@yopmail.com,2008-07-05,White
1069,Regina,Brodench,Regina.Brodench@yopmail.com,1905-12-28,Black
1070,Gilligan,Chapland,Gilligan.Chapland@yopmail.com,2009-05-24,White
1071,Doralynne,Lorain,Doralynne.Lorain@yopmail.com,1942-12-13,Black
1072,Codie,Kelula,Codie.Kelula@yopmail.com,1974-08-09,Black
1073,Luci,Giff,Luci.Giff@yopmail.com,1937-04-25,Red
1074,Cindelyn,Zetta,Cindelyn.Zetta@yopmail.com,1933-03-29,White
1075,Janey,Eckblad,Janey.Eckblad@yopmail.com,1935-02-19,Black
1076,Fanny,Gilbertson,Fanny.Gilbertson@yopmail.com,1952-11-03,Green
1077,Fanchon,Flita,Fanchon.Flita@yopmail.com,1924-07-11,Blue
1078,Mariann,Ade,Mariann.Ade@yopmail.com,1913-04-12,White
1079,Wilma,Garlinda,Wilma.Garlinda@yopmail.com,2005-02-19,Red
1080,Carly,Nicoline,Carly.Nicoline@yopmail.com,1979-12-14,Blue
1081,Jennica,Codding,Jennica.Codding@yopmail.com,1950-01-17,Blue
1082,Jemie,Kristi,Jemie.Kristi@yopmail.com,2008-12-18,Blue
1083,Almeta,Connelly,Almeta.Connelly@yopmail.com,1962-01-26,Blue
1084,Claresta,Koziara,Claresta.Koziara@yopmail.com,1902-05-02,White
1085,Inga,Fitzsimmons,Inga.Fitzsimmons@yopmail.com,1942-12-29,Blue
1086,Fidelia,Middleton,Fidelia.Middleton@yopmail.com,1978-10-31,White
1087,Mellicent,Lesley,Mellicent.Lesley@yopmail.com,1990-08-08,Black
1088,Dennie,Brandice,Dennie.Brandice@yopmail.com,1909-11-10,Red
1089,Lizzie,Brady,Lizzie.Brady@yopmail.com,1973-01-06,Red
1090,Joleen,Johanna,Joleen.Johanna@yopmail.com,1954-02-09,Blue
1091,Basia,Jammal,Basia.Jammal@yopmail.com,1996-06-24,Green
1092,Edee,Sheng,Edee.Sheng@yopmail.com,1963-02-16,Black
1093,Leia,Maples,Leia.Maples@yopmail.com,2010-03-05,Black
1094,Hope,Faria,Hope.Faria@yopmail.com,1928-06-21,Blue
1095,Ashlee,Edee,Ashlee.Edee@yopmail.com,1997-07-15,Black
1096,Lory,Wildermuth,Lory.Wildermuth@yopmail.com,1943-09-12,Blue
1097,Lolita,Ehrman,Lolita.Ehrman@yopmail.com,1952-10-27,Red
1098,Max,Yusuk,Max.Yusuk@yopmail.com,1918-05-01,White
1099,Mignon,Alice,Mignon.Alice@yopmail.com,1947-11-06,Red